City,Facility Name,Provider Number,State,Address,Phone Number,zip,Latitude,Longitude,Yelp Rating
REDWOOD CITY,KAISER FOUNDATION HOSPITAL REDWOOD CITY LABORATORY,05D0062466,CA,1100 VETERANS BLVD,6502992205,94063,37.4893313,-122.223976,3
SAN FRANCISCO,CHINESE HOSPITAL LABORATORY,05D0062669,CA,845 JACKSON ST,4159822420,94133,37.7955406,-122.4091299,3
PALO ALTO,LUCILE PACKARD CHILDREN'S HOSPITAL AT,05D0062689,CA,725 WELCH RD,6507239571,94304,37.4355499,-122.1746382,3
SAN MATEO,SAN MATEO MEDICAL CENTER LABORATORY,05D0062712,CA,222 W 39TH AVE,6505732441,94403,37.5312245,-122.2991375,2.5
ANTIOCH,SUTTER DELTA MEDICAL CENTER,05D0062749,CA,3901 LONE TREE WAY,9257793092,94509,37.9825348,-121.8029078,2
RICHMOND,PERMANENTE MEDICAL GROUP,05D0063123,CA,901 NEVIN AVENUE,5102314708,94801,37.9371877,-122.3605559,3
SAN JOSE,O'CONNOR HOSPITAL LABORATORY,05D0063391,CA,2105 FOREST AVE,4089472857,95128,37.3277552,-121.9383789,2
BURLINGAME,BURLINGAME PACIFICA MEDICAL GROUP INC,05D0591044,CA,1828 EL CAMINO REAL STE 507,6506974195,94010,37.5955932,-122.3836283,3
BURLINGAME,MILLS-PENINSULA HEALTH SERVICES,05D0591083,CA,1501 TROUSDALE DRIVE,6506965510,94010,37.5921025,-122.3833423,3
DALY CITY,FAMILY MEDICAL GROUP,05D0591268,CA,1800 SULLIVAN AVE 209,6509942300,94015,37.6807129,-122.4747197,2.5
MOUNTAIN VIEW,"ADVANCED CARDIOVASCULAR SPECIALISTS, INC",05D0591473,CA,2490 HOSPITAL DR STE 311,6509624690,94039,37.3697973,-122.0823749,3
MENLO PARK,MENLO PARK PLACE,05D0591605,CA,1275 CRANE ST,4153227261,94025,37.4521635,-122.1880412,3.5
MOUNTAIN VIEW,WOMEN IN FOCUS MEDICAL GROUP INC,05D0591803,CA,2204 GRANT RD STE 202,6509659155,94040,37.3719269,-122.0785578,3
MOUNTAIN VIEW,EL CAMINO INTERNAL MEDICAL GROUP LAB,05D0591859,CA,125 SOUTH DR,4159616600,94040,37.3669385,-122.0790491,3
MOUNTAIN VIEW,"ADVANCED CARDIOVASCULAR SPECIALISTS, INC",05D0591915,CA,2660 GRANT ROAD,6509698600,94040,37.3665226,-122.0784874,3
MOUNTAIN VIEW,PRENATAL DIAGNOSTICS INC,05D0591919,CA,1580 EL CAMINO REAL W,4159668597,94040,37.3901782,-122.0921417,3
REDWOOD CITY,FAIR OAKS FAMILY HEALTH,05D0592225,CA,2710 MIDDLEFIELD ROAD,4155732646,94063,37.4756905,-122.2117612,3
SAN FRANCISCO,MISSION BAY CONVALESCENT HOSPITAL,05D0593205,CA,331 PENNSYLVANIA AVENUE,4156473587,94107,37.7622131,-122.3933208,2.5
SAN FRANCISCO,DOWNTOWN MEDICAL GROUP,05D0593479,CA,450 SUTTER STREET SUITE 1723,4153627177,94108,37.7896952,-122.4078356,3
SAN FRANCISCO,PLANNED PARENTHOOD,05D0593770,CA,815 EDDY ST SUITE 300,4154417858,94109,37.7825273,-122.4214636,5
SAN FRANCISCO,SAINT FRANCIS MEMORIAL HOSPITAL LAB,05D0593789,CA,900 HYDE STREET 1ST FLOOR,4153536333,94109,37.7893799,-122.4167294,3
SAN FRANCISCO,ST LUKE'S HEALTH CARE CENTER- ADULT CLINIC,05D0593890,CA,1580 VALENCIA STREET #506,4156416913,94110,37.7467497,-122.4205566,3
SAN FRANCISCO,UROLOGY CENTER OF SAN FRANCISCO,05D0593923,CA,1580 VALENCIA #708,4158261415,94110,37.7467497,-122.4205566,3
SAN FRANCISCO,OCCUPATIONAL HEALTH NETWORK,05D0593978,CA,650 5TH STREET SUITE 101,4159745157,94107,37.775591,-122.3980118,3
SAN FRANCISCO,LYON-MARTIN HEALTH SERVICES,05D0593987,CA,1735 MISSION ST,4155657667,94103,37.7695257,-122.4197247,3.5
SAN FRANCISCO,MISSION NEIGHBORHOOD HEALTH CENTER,05D0593994,CA,240 SHOTWELL ST,4155521013,94110,37.7645735,-122.4165676,3
SAN FRANCISCO,ACCESS HEALTH CARE,05D0594245,CA,DAVIES MEDICAL CENTER SUITE 170,4156566600,94114,37.7683574,-122.4345272,3.5
SAN FRANCISCO,SAN FRANCISCO MEDICAL GROUP,05D0594402,CA,2340 CLAY ST 6TH FLOOR,4158858100,94115,37.791364,-122.431998,3
SAN FRANCISCO,DIAGNOSTIC LABORATORIES,05D0594668,CA,2511 BUSH ST,4159291525,94115,37.786063,-122.439014,3
SAN FRANCISCO,CENTRAL GARDENS CONVALESCENT HOSPITAL,05D0594677,CA,1355 ELLIS STREET,4155672967,94115,37.7826303,-122.4286309,3
SAN FRANCISCO,CHOICE MEDICAL GROUP,05D0594679,CA,2107 O FARRELL STREET,4089950102,94115,37.7822767,-122.439699,3.5
SAN FRANCISCO,PACIFIC COAST HOSPITAL,05D0594725,CA,1210 SCOTT STREET,4152920446,94115,37.780905,-122.437303,3
SAN FRANCISCO,WELLNESS CARE MEDICAL GROUP,05D0595026,CA,416 16TH AVENUE,4152210177,94118,37.7801459,-122.4748302,3
SAN FRANCISCO,SUTTER PACIFIC MEDICAL FOUNDATION,05D0595420,CA,3625 CALIFORNIA ST,4156004264,94118,37.7860964,-122.453823,3.5
SAN FRANCISCO,UCSF POINT OF CARE TESTING LABORATORY-OUT PATIENT,05D0596167,CA,"400 PARNASSUS AVENUE, BOX 0310",4155148447,94122,37.7645542,-122.4572508,3
PALO ALTO,"PALO ALTO MEDICAL FOUNDATION FOR HEALTH CARE,",05D0596327,CA,540 UNIVERSITY AVE STE 200,6503221900,94301,37.4487369,-122.1584394,3.5
BURLINGAME,PALO ALTO MEDICAL FOUNDATION,05D0596768,CA,"1501 TROUSDALE, 2ND FLOOR",6506528600,94010,37.5921025,-122.3833423,3
BURLINGAME,PALO ALTO MEDICAL FOUNDATION,05D0596979,CA,1501 TROUSDALE DR 5TH FL,6506520600,94010,37.5921025,-122.3833423,3
ANTIOCH,SUTTER EAST BAY MEDICAL FOUNDATION,05D0597423,CA,4053 LONE TREE WAY STE 101,5102045417,94531,37.9765207,-121.7995393,2
ANTIOCH,ANTIOCH MEDICAL PARK MED,05D0597463,CA,3737 LONE TREE WAY,9257545151,94509,37.9836614,-121.8049235,2
ANTIOCH,SUTTER DELTA MEDICAL CENTER,05D0597478,CA,3901 LONE TREE WAY,9257793011,94509,37.9825348,-121.8029078,2
CONCORD,JOHN MUIR MEDICAL GROUP,05D0597807,CA,"2700 GRANT STREET, SUITE 200",9256770500,94520,37.9846043,-122.0361099,3
CONCORD,JOHN MUIR HEALTH - CONCORD MEDICAL CENTER -,05D0597853,CA,2540 EAST ST PO BOX 4110,9259417966,94520,37.9827647,-122.0333245,3
CONCORD,DOCTOR'S CLINIC,05D0597906,CA,2550 PARK AVE SUITE 6,5106765611,94520,37.984193,-122.0336954,3
FAIRFIELD,SUTTER REGIONAL MEDICAL FOUNDATION,05D0598424,CA,2720 LOW COURT,7074274900,94534,38.2367966,-122.0860462,2.5
FREMONT,TRI-CITY HEALTH CENTER,05D0598576,CA,38355 LOGAN DR,5107136670,94536,37.5465689,-122.0013819,2
FREMONT,CHOICE MEDICAL GROUP,05D0598720,CA,1895 MOWRY AVE STE 116,4089950102,94538,37.5592996,-121.9802803,4.5
FREMONT,PALO ALTO MEDICAL FOUNDATION - FREMONT MAIN LAB,05D0598778,CA,3200 KEARNEY ST,5104982862,94538,37.5485656,-121.9736051,2
FREMONT,WASHINGTON MEDICAL GROUP,05D0598795,CA,2557 MOWRY AVENUE SUITE 12,5107921672,94538,37.5557213,-121.9830791,4.5
FREMONT,FREMONT SURGERY CENTER,05D0598799,CA,39350 CIVIC CENTER DR STE 100,5104564600,94538,37.5542623,-121.9755663,4.5
FREMONT,WASHINGTON INTERNAL MEDICAL GROUP LAB,05D0598810,CA,2557 MOWRY AVE SUITE 12,,94538,37.5557213,-121.9830791,2
FREMONT,WASHINGTON BIRTHING CENTER,05D0598811,CA,2299 MOWRY AVE SUITE 2C1,5107932229,94538,37.5568972,-121.9821225,3.5
FREMONT,WASHINGTON HOSPITAL HEALTHCARE,05D0598812,CA,2000 MOWRY AVE,5107973440,94538,37.55726,-121.9797604,2
HAYWARD,HAYWARD CONVALESCENT HOSPITAL,05D0598975,CA,1832 B ST,5105383866,94541,37.6825729,-122.0675431,1
HAYWARD,HAYWARD PEDIATRIC MEDICAL CLINIC,05D0598980,CA,"21297 FOOTHILL BLVD, STE 100",5108868854,94541,37.684944,-122.092589,3
NAPA,HEART AND HEALTH CENTER,05D0599779,CA,1131 TRANCAS STREET,7072577752,94558,38.3229273,-122.2980174,4.5
NAPA,NAPA STATE HOSPITAL,05D0599823,CA,2100 NAPA-VALLEJO HWY,7072535826,94558,38.279169,-122.2727804,3
NAPA,QUEEN OF THE VALLEY MEDICAL CENTER,05D0599855,CA,1000 TRANCAS,7072574077,94558,38.324482,-122.2971094,2.5
NAPA,QUEEN OF THE VALLEY MEDICAL CENTER CLINICAL LAB,05D0599859,CA,1000 TRANCAS ST,7072574077,94558,38.324482,-122.2971094,2.5
PINOLE,DOCTORS MEDICAL CENTER,05D0600136,CA,2151 APPIAN WAY,5107245000,94564,37.9973215,-122.3013353,3.5
SAN LEANDRO,FAMILY MEDICAL GROUP OF SAN LEANDRO,05D0600746,CA,13851 E 14TH ST STE 102,5103512100,94578,37.7137556,-122.1428478,2
SAN LEANDRO,SAN LEANDRO HOSPITAL,05D0600757,CA,13855 E 14TH ST,5104374943,94578,37.7122362,-122.1433524,2
SAN RAMON,PLEASANT CARE MEDICAL ASSOCIATES,05D0600908,CA,5601 NORRIS CANYON ROAD  SUITE #140,9258300644,94583,37.777798,-121.957831,3
SAN RAMON,SAN RAMON REGIONAL MEDICAL CENTER,05D0600921,CA,6001 NORRIS CANYON ROAD,9252758271,94583,37.7759705,-121.9582426,3
WALNUT CREEK,JOHN MUIR MEDICAL GROUP,05D0601551,CA,"2121 YGNACIO VALLEY RD #106, BLD E",9259352333,94598,37.9208511,-122.0326754,5
OAKLAND,ALAMEDA HEALTH SYSTEM - HIGHLAND CAMPUS,05D0601817,CA,1411 E 31ST ST,5104374671,94602,37.7986088,-122.2316641,2.5
OAKLAND,NORTH OAKLAND MEDICAL CLINIC,05D0601984,CA,6105 SAN PABLO AVE,5106587660,94608,37.8442947,-122.2845064,5
OAKLAND,INTERNISTS MEDICAL GROUP,05D0602051,CA,2930 MCCLURE STREET #5,5104442155,94609,37.8186192,-122.2659548,3
OAKLAND,SUMMIT CAMPUS LAB OF ALTA BATES,05D0602367,CA,350 HAWTHORNE AVE,5108696560,94609,37.821677,-122.2630846,3
OAKLAND,KAISER FOUNDATION HOSPITAL OAKLAND LABORATORY,05D0602613,CA,275 W MACARTHUR BLVD,5107526083,94611,37.8235207,-122.2585683,3
BERKELEY,ALTA BATES MEDICAL ASSOCIATES,05D0603272,CA,2850 TELEGRAPH AVE SUITE 110,5108453766,94705,37.8581008,-122.2597613,3
BERKELEY,ALTA BATES CAMPUS LAB OF ALTA BATES SUMMIT,05D0603350,CA,2450 ASHBY AVENUE STE # 2622,5102041631,94705,37.8556279,-122.2575014,3
BERKELEY,ALTA BATES MEDICAL ASSOCIATES,05D0603392,CA,2850 TELEGRAPH AVE STE #120,5108487227,94705,37.8581008,-122.2597613,3
RICHMOND,EAST BAY HOSPITAL,05D0603722,CA,820 TWENTY THIRD STREET,5102342525,94804,37.944015,-122.3471077,3
SAN RAFAEL,SUTTER PACIFIC MEDICAL FOUNDATION,05D0604110,CA,4000 CIVIC CENTER DR STE 205,7075237220,94903,38.0044896,-122.5382765,2.5
SAN RAFAEL,RAFAEL CONVALESCENT HOSPITAL,05D0604160,CA,234 N SAN PEDRO RD,4154793450,94903,38.0026646,-122.5208956,3
SAN RAFAEL,TERRA LINDA MED GROUP,05D0604165,CA,900 LAS GALLINAS AVE,4154791022,94903,38.0078888,-122.5482559,3.5
CAMPBELL,CAMDEN CONVALESCENT HOSPITAL,05D0605330,CA,1331 CAMDEN AVE,4083774030,95008,37.2688976,-121.9453112,2.5
LOS GATOS,COMMUNITY HOSPITAL OF LOS GATOS,05D0605944,CA,815 POLLARD RD,4088664067,95032,37.2627564,-121.9696175,3.5
SANTA CLARA,KAISER FOUNDATION HOSPITAL SANTA CLARA LABORATORY,05D0606477,CA,700 LAWRENCE EXPRESSWAY,4088516084,95051,37.3356096,-121.9988491,3
SAN JOSE,GOOD SAMARITAN HOSPITAL,05D0608006,CA,2425 SAMARITAN DR,4085592474,95124,37.2517475,-121.9466889,3
SAN JOSE,FOREST MEDICAL CLINIC,05D0608555,CA,2307 FOREST AVENUE,4082467120,95128,37.3271944,-121.9436447,4
SAN JOSE,SANTA CLARA VALLEY MEDICAL CENTER,05D0608624,CA,751 S BASCOM AVE,4088856551,95128,37.3128569,-121.9332672,2
SAN JOSE,SURGICAL GROUP-SAN JOSE,05D0608638,CA,455 OCONNOR DRIVE SUITE 370,4082975040,95128,37.326606,-121.9402893,2
SAN JOSE,A GRACE SUB ACUTE & SKILLED CARE,05D0608654,CA,1250 S WINCHESTER BLVD,4082413844,95128,37.3025339,-121.9493552,2
SANTA ROSA,SUTTER PACIFIC MEDICAL FOUNDATION,05D0611419,CA,"34 MARK WEST SPRINGS RD, 2ND FL",7075237220,95403,38.4950701,-122.7496323,3
SANTA ROSA,SUTTER SANTA ROSA REGIONAL HOSPITAL,05D0611473,CA,30 MARK WEST SPRINGS RD,7075764253,95403,38.4950726,-122.7519949,3
SANTA ROSA,SUTTER PACIFIC MEDICAL FOUNDATION,05D0611481,CA,"3883 AIRWAY DR, STE 202",7075237220,95403,38.4832435,-122.7396754,3
SANTA ROSA,SUTTER PACIFIC MEDICAL FOUNDATION,05D0611725,CA,3883 AIRWAY DR STE 120,7075237220,95403,38.4832435,-122.7396754,3
SONOMA,SONOMA VALLEY HOSPITAL DISTRICT,05D0612446,CA,347 ANDRIEUX ST,7079355187,95476,38.2881503,-122.4656876,3
VACAVILLE,NORTHBAY HEALTHCARE GROUP,05D0614782,CA,421 NUT TREE RD,7076247533,95687,38.3639248,-121.9530135,3
VACAVILLE,NORTHBAY VACAVALLEY HOSPITAL,05D0614860,CA,1000 NUT TREE RD,7076465133,95687,38.3557695,-121.9517116,3
VACAVILLE,WINSOR HOUSE CONVALESCENT HOSPITAL,05D0614870,CA,101 S ORCHARD AVE,7074486458,95688,38.3570917,-122.0040458,1
MOUNTAIN VIEW,EL CAMINO HOSPITAL CLINICAL LABORATORY,05D0643619,CA,2500 GRANT ROAD,6509407022,94040,37.3694772,-122.0799117,3
SAN FRANCISCO,CALIFORNIA PACIFIC MEDICAL CENTER,05D0643656,CA,CASTRO AND DUBOCE STREETS,4155656051,94114,37.769165,-122.4308123,3.5
SAN FRANCISCO,UCSF CLINICAL LABS AT PARNASSUS,05D0643676,CA,"505 PARNASSUS AVE, 5TH FL, UCSF BOX 0100",4153531976,94143,37.764201,-122.4573852,3
MOUNTAIN VIEW,MEDICAL ASSOCIATES LABORATORY,05D0643686,CA,1174 CASTRO ST STE 275,6509888011,94040,37.3823855,-122.0866294,3
FREMONT,BHC FREMONT HOSPITAL (IN-PATIENT/OUT-PATIENT),05D0643731,CA,39001 SUNDALE DRIVE,5105744872,94538,37.5465161,-121.9798196,2
MARTINEZ,CONTRA COSTA REGIONAL MEDICAL CENTER,05D0643755,CA,2500 ALHAMBRA AVE,9253705390,94553,38.006764,-122.1327937,2
SAINT HELENA,ADVENTIST HEALTH STHELENA,05D0643777,CA,10 WOODLAND ROAD,7079636483,94574,38.5425501,-122.4748268,2.5
OAKLAND,COAGULATION CENTER,05D0643829,CA,3023 SUMMIT ST,5104529305,94609,37.819804,-122.264803,3
SAN JOSE,SANTA CLARA VALLEY MEDICAL CENTER,05D0643948,CA,751 S BASCOM AVE,4088856550,95128,37.3128569,-121.9332672,2
SAN JOSE,CALIFORNIA INSTITUTE FOR MEDICAL RESEARCH,05D0643966,CA,2260 CLOVE DR,4089984554,95128,37.3123655,-121.9340386,2
SAN JOSE,SANTA CLARA COUNTY PUBLIC HEALTH DEPARTMENT,05D0643967,CA,"2220 MOORPARK AVE, 2ND FLOOR",4088854272,95128,37.3155593,-121.9337045,2
SAN FRANCISCO,PHYSICIANS CLINICAL LABORATORY,05D0662979,CA,1635 DIVISADERO ST STE 105,4152027520,94115,37.7845754,-122.4400886,3
NOVATO,NOVATO COMMUNITY HOSPITAL / LAB,05D0663151,CA,180 ROWLAND WAY,4152091424,94945,38.0996482,-122.5603401,3.5
CONCORD,JOHN MUIR MEDICAL CENTER CONCORD CAMPUS,05D0663440,CA,2540 EAST ST BOX 4110,5106742452,94520,37.9827647,-122.0333245,3
SAN JOSE,FOREST SURGERY CENTER,05D0663589,CA,2110 FOREST AVENUE,4082973432,95128,37.3267337,-121.9374894,4
SAN FRANCISCO,GOLDEN GATE COMMUNITY HEALTH,05D0667391,CA,815 EDDY ST STE 200,4154417858,94109,37.7825273,-122.4214636,3
FREMONT,PARK CENTRAL NURSING CENTER,05D0667905,CA,2100 PARKSIDE DRIVE,5107975300,94536,37.5584187,-121.9811538,2
WALNUT CREEK,JOHN MUIR HEALTH,05D0669622,CA,1450 TREAT BLVD STE 350,9259414031,94597,37.9260898,-122.0522716,2
BERKELEY,CITY OF BERKELEY HEALTH CLINIC,05D0671045,CA,830 UNIVERSITY AVENUE,5106448571,94710,37.8678299,-122.2972201,5
LOS GATOS,LOS GATOS MEDICAL CENTER,05D0672531,CA,"16400 LARK AVE, STE 100",4083849719,95032,37.2478775,-121.9569489,3.5
FREMONT,KAISER FOUNDATION HOSPITAL FREMONT LABORATORY,05D0673159,CA,39400 PASEO PADRE PARKWAY,5107953149,94538,37.5524244,-121.974401,2
SAN RAFAEL,PHYSICIAN OFFICE,05D0673192,CA,2620 NORTHGATE MALL,4154991093,94903,38.0036476,-122.5443914,2.5
SAN FRANCISCO,GOLDEN GATE MEDICAL GROUP,05D0675149,CA,3620 CESAR CHAVES ST,4158267577,94110,37.7483761,-122.4219282,3.5
MOUNTAIN VIEW,EL CAMINO HEALTHCARE RADIOLOGY SERVICE,05D0675747,CA,2500 GRANT ROAD,4159887525,94040,37.3694772,-122.0799117,3
VALLEJO,SUTTER SOLANO MEDICAL CENTER,05D0678389,CA,300 HOSPITAL DR,7075545282,94589,38.1312888,-122.2373373,2.5
SAN MATEO,MID PENINSULA PEDIATRICS,05D0678953,CA,50 SOUTH SAN MATEO DRIVE 150,4153424145,94401,37.5660345,-122.326385,4
WALNUT CREEK,WALNUT CREEK DIALYSIS,05D0679147,CA,108 LA CASA VIA SUITE 106,5109370203,94598,37.9116362,-122.0439482,3
WALNUT CREEK,JOHN MUIR MEDICAL CENTER WALNUT CREEK CAMPUS,05D0680025,CA,1601 YGNACIO VALLEY ROAD,9259417966,94598,37.9128769,-122.0409498,1
SONOMA,SONOMA FAMILY PRACTICE,05D0681362,CA,270 PERKINS STREET,7079383131,95476,38.2893127,-122.4630667,3
MARTINEZ,CONTRA COSTA HEALTH SERVICES,05D0683109,CA,2500 ALHAMBRA AVE,9253705260,94553,38.006764,-122.1327937,2
SAN JOSE,SANTA CLARA VALLEY MEDICAL CENTER -,05D0684020,CA,976 LENZEN AVE,4088856551,95126,37.3344011,-121.9118425,2
MOUNTAIN VIEW,WOMENS PHYSICIANS OB GYN MEDICAL GROUP,05D0684291,CA,2485 HOSPITAL DRIVE SUITE 221,6509887550,94040,37.3696227,-122.0809483,3
SAN FRANCISCO,SAN FRANCISCO HEALTH CARE,05D0686980,CA,1477 GROVE STREET,4155630565,94117,37.7752769,-122.4407964,3.5
OAKLAND,GENETICS LAB KAISER HOSPITAL,05D0687104,CA,3900 BROADWAY AVENUE,5105966298,94611,37.8264074,-122.2567481,3
SAN FRANCISCO,WOMEN'S COMMUNITY CLINIC,05D0688076,CA,1833 FILLMORE ST 3RD FLOOR,4153797800,94115,37.7865122,-122.4336742,3
MOUNTAIN VIEW,CALIFORNIA SKIN INSTITUTE,05D0688144,CA,525 SOUTH DR STE 115,6509695600,94040,37.3669233,-122.0846817,3
WALNUT CREEK,KAISER FOUNDATION HOSPITAL,05D0688372,CA,1425 SOUTH MAIN ST,5102954340,94596,37.8915785,-122.0588864,3
SANTA ROSA,REDWOOD REGIONAL ONCOLOGY CENTER,05D0689029,CA,121 SOTOYOME ST SUITE 101,7075251150,95405,38.4422133,-122.7018128,2.5
FREMONT,FREMONT CARE CENTER,05D0689072,CA,2500 COUNTRY DRIVE,5107924242,94536,37.5569346,-121.9847673,3
SAN JOSE,CRESTWOOD MANOR,05D0689073,CA,1425 FRUITDALE AVE,4082751010,95128,37.3113926,-121.9148653,4.5
LOS GATOS,CARE FIRST PEDIATRICS,05D0689195,CA,"812 POLLARD ROAD, SUITE 1",4083741212,95030,37.2621485,-121.9705468,3.5
OAKLAND,DEPARTMENT OF NUCLEAR MEDICINE,05D0689363,CA,280 W MACARTHUR BLVD,5105966210,94611,37.8244471,-122.2576787,3
SAINT HELENA,ADVENTIST HEALTH PHYSICIANS NETWORK,05D0690564,CA,6 WOODLAND RD STE 104,7079631031,94574,38.5428448,-122.4751726,2.5
CONCORD,NURSING LAB TESTING,05D0690648,CA,MT DIABLO MEDICAL CENTER P O BOX 4110,5106742184,94524,37.9827647,-122.0333245,3
WALNUT CREEK,"PERMANENTE MEDICAL GROUP,THE",05D0691064,CA,1425 SOUTH MAIN ST,5102954800,94596,37.8915785,-122.0588864,3
WALNUT CREEK,JOHN MUIR MEDICAL CENTER WALNUT CREEK CAMPUS,05D0691746,CA,1601 YGNACIO VALLEY ROAD,9259417966,94598,37.9128769,-122.0409498,1
OAKLAND,SUMMIT MEDICAL CENTER NUCLEAR MEDICINE,05D0691784,CA,350 HAWTHORNE AVE,5104206042,94609,37.821677,-122.2630846,3
BURLINGAME,MERCY LIFE CARE,05D0692569,CA,360 BEACH RD,4156961050,94010,37.5885876,-122.3366583,2
OAKLAND,MACARTHUR CARE CENTER,05D0693043,CA,309 MACARTHUR BLVD,5108363777,94610,37.8141213,-122.2519147,3
WALNUT CREEK,EAST BAY MEDICAL IMAGING,05D0694965,CA,1515 YGNACIO VALLEY RD SUITE H,5109376100,94598,37.913319,-122.042787,3
SAN RAMON,SAN RAMON REGIONAL MEDICAL CENTER,05D0695489,CA,6001 NORRIS CANYON RD,9252758287,94583,37.7759705,-121.9582426,3
SAN FRANCISCO,ST MARY'S HOSPITAL & MEDICAL CENTER,05D0695520,CA,450 STANYAN,4156681000,94117,37.7740749,-122.4538893,3.5
LOS GATOS,GOOD SAMARITAN HOSPITAL,05D0695727,CA,15891 LOS GATOS/ALMADEN ROAD,4083585622,95032,37.2447534,-121.9479332,3
OAKLAND,SURGERY CENTER OF ALTA BATES,05D0695787,CA,3875 TELEGRAPH AVENUE,5105472244,94609,37.8280783,-122.2651672,3
HAYWARD,KAISER FOUNDATION HOSPITAL,05D0696397,CA,27400 HESPERIAN BLVD,5107844000,94545,37.6305991,-122.0952258,2.5
SANTA ROSA,SUTTER PACIFIC MEDICAL FOUNDATION,05D0697280,CA,3883 AIRWAY DRIVE SUITE 203,7075217766,95403,38.4832435,-122.7396754,3
SAN FRANCISCO,PACIFIC COAST HOSP OUTPATIENT CLINIC,05D0697728,CA,1210 SCOTT ST,4152920450,94115,37.780905,-122.437303,3
OAKLAND,CHILDRENS HOSPITAL,05D0698497,CA,747 52ND ST,5104283529,94609,37.8371901,-122.2670282,3
PALO ALTO,STANFORD UNIVERSITY DIALYSIS CENTER,05D0698502,CA,300 PASTEUR DRIVE ROOM H0105,4157237256,94304,37.4330746,-122.1750485,3
OAKLAND,ASIAN HEALTH SERVICES,05D0698796,CA,818 WEBSTER STREET,5109866830,94607,37.7994313,-122.2710663,3
SAN FRANCISCO,SAN FRANCISCO PARAMEDIC DIVISION DPH,05D0699956,CA,2789 25TH STREET,4152067800,94110,37.7515037,-122.4057559,3
HAYWARD,ST ROSE HOSPITAL LABORATORY,05D0699959,CA,27200 CALAROGA AVE,5102644035,94545,37.6334549,-122.0879165,2
MARTINEZ,CONTRA COSTA REGIONAL MEDICAL CENTER,05D0700221,CA,2500 ALHAMBRA AVENUE,9253705390,94553,38.006764,-122.1327937,2
HAYWARD,ST MICHAEL CONVALESCENT HOSPITAL,05D0701502,CA,25919 GADING RD,5107828424,94544,37.6473304,-122.0825905,2.5
OAKLAND,PERMANENTE MEDICAL OFFICES LAB B,05D0702774,CA,280 W MACARTHUR BLVD,5105966083,94611,37.8244471,-122.2576787,3
OAKLAND,KAISER FOUNDATION HOSPITAL LAB A,05D0702859,CA,280 W MACARTHUR BLVD,5105966083,94611,37.8244471,-122.2576787,3
SAN JOSE,GOOD SAMARITAN HOSPITAL - NURSING,05D0704802,CA,2425 SAMARITAN DRIVE,4085592011,95124,37.2517475,-121.9466889,3
SANTA ROSA,SANTA ROSA MEMORIAL HOSPITAL LAB,05D0706122,CA,1165 MONTGOMERY DRIVE,7075255300,95405,38.4437589,-122.7011068,2.5
ANTIOCH,EPIC CARE,05D0706397,CA,4721 DALLAS RANCH RD,9254180279,94531,37.9702037,-121.7962463,4
REDWOOD CITY,SEQUOIA HOSPITAL DISTRICT,05D0706500,CA,170 ALAMEDA DE LAS PULGAS,4153675544,94062,37.479843,-122.2546654,3.5
WALNUT CREEK,JOHN MUIR MEDICAL CENTER WALNUT CREEK CAMPUS,05D0707203,CA,1601 YGNACIO VALLEY RD,5109393000,94598,37.9128769,-122.0409498,1
SAN FRANCISCO,PHYSICIAN ACCESS CENTER,05D0708855,CA,49 DRUMM ST,4159828380,94111,37.7943454,-122.3968833,3
MILLBRAE,MILLBRAE SERRA CONVALESCENT HOSPITAL,05D0713323,CA,150 SERRA AVENUE,4156978386,94030,37.6003064,-122.3880985,5
WALNUT CREEK,JOHN MUIR MEDICAL GROUP,05D0713834,CA,1455 MONTEGO WAY #103,9259330707,94598,37.9102059,-122.041527,5
SAN FRANCISCO,CALIFORNIA PACIFIC MEDICAL CENTER,05D0714971,CA,2330 CLAY ST 2ND FLOOR,4156003430,94115,37.7913166,-122.4318089,3.5
SAN MATEO,PALO ALTO MEDICAL FOUNDATION,05D0715266,CA,50 SOUTH SAN MATEO DR  SUITE 360,6503429491,94401,37.5660345,-122.326385,2
SAN MATEO,IMMEDIATE CARE,05D0715554,CA,60 N EL CAMINO REAL STE C,4155702273,94401,37.5668233,-122.3292412,4
SAN FRANCISCO,MICHAEL C CHASE MD,05D0715935,CA,45 CASTRO ST 138,4155588200,94114,37.768847,-122.4354438,3.5
SAN FRANCISCO,ZUCKERBERG SAN FRANCISCO GENERAL,05D0716369,CA,1001 POTRERO AVE   BLDG 5  RM 2M2,4152068588,94110,37.7550804,-122.4056895,3
SAINT HELENA,ST. HELENA WOMEN'S CENTER,05D0716381,CA,821 SOUTH ST HELENA HWY,7079635006,94574,38.4871953,-122.4489033,4
FREMONT,WASHINGTON OUTPATIENT SURGERY CENTER,05D0716634,CA,2299 MOWRY AVENUE 1ST FLOOR,5107905689,94538,37.5569631,-121.9821225,4.5
SAN JOSE,ALMADEN HEALTH & REHABILITATION CENTER,05D0717257,CA,2065 LOS GATOS-ALMADEN ROAD,4083779275,95124,37.2439161,-121.9333117,2.5
MENLO PARK,MENLO PARK SURGICAL HOSPITAL,05D0719602,CA,570 WILLOW RD,6503248500,94025,37.4614452,-122.1590825,4.5
FREMONT,FREMONT HEALTH CENTER,05D0721356,CA,39022 PRESIDIO WY,5107923743,94538,37.5444483,-121.9908977,3
BURLINGAME,MILLS-PENINSULA HEALTH SERVICES,05D0721446,CA,1609 TROUSDALE DRIVE,6506965270,94010,37.5928074,-122.3845578,3
SAN JOSE,EMERGENCY SERVICES OCONNOR HOSPITAL,05D0722028,CA,2105 FOREST AVE,4089472666,95128,37.3277552,-121.9383789,2.5
SAN FRANCISCO,UCSF MEDICAL CENTER AT MOUNT ZION,05D0723265,CA,1600 DIVISADERO ST STE R200,4153531613,94115,37.784695,-122.4392274,5
GILROY,SAINT LOUISE REGIONAL HOSPITAL (GILROY,05D0723996,CA,9400 NO NAME UNO,4088488630,95020,37.0367167,-121.5711608,2.5
LARKSPUR,PRIMA MEDICAL GROUP,05D0724260,CA,5 BON AIR ROAD SUITE 117,4159249770,94939,37.9440876,-122.5401569,3
CONCORD,JOHN MUIR MEDICAL CENTER CONCORD CAMPUS,05D0724455,CA,2540 EAST STREET PO BOX 4110,5106742226,94524,37.9827647,-122.0333245,3
SAN FRANCISCO,RICHARD B WARD MD,05D0724525,CA,909 HYDE ST 317,4158854971,94109,37.7894649,-122.4176544,3
SEBASTOPOL,FIRCREST CONVALESCENT HOSPITAL,05D0724814,CA,7025 CORLINE COURT,7078237444,95472,38.3896523,-122.8139116,3.5
PALO ALTO,PALO ALTO NURSING CENTER,05D0725058,CA,911 BRYANT STREET,6503270511,94301,37.4427569,-122.1561108,3
REDWOOD CITY,REDWOOD MEDICAL GROUP,05D0725208,CA,39 BIRCH STREET,4155990110,94062,37.4886566,-122.2403511,3
MOUNTAIN VIEW,MOUNTAIN VIEW HEALTHCARE CENTER,05D0725774,CA,2530 SOLACE PLACE,4159616161,94040,37.3663584,-122.0804703,3
SAN FRANCISCO,PACIFIC FAMILY PRACTICE MED GROUP,05D0725822,CA,1 SCHRADER ST STE 578,4152069841,94117,37.7746141,-122.4532259,3.5
SAN JOSE,FOREST AVENUE MEDICAL GROUP CLINICAL LAB,05D0856797,CA,2100 FOREST AVE STE 104,4082925337,95128,37.3267002,-121.9366006,2.5
VALLEJO,KAISER HOME CARE,05D0857403,CA,"1761 BROADWAY ST, STE 210",7076452720,94589,38.1303683,-122.2537895,3
SAN MATEO,SAN MATEO COUNTY PUBLIC HEALTH LAB,05D0857622,CA,225 W 37TH AVE RM 113,6505732500,94403,37.534465,-122.29463,2.5
ALAMEDA,CRITICAL CARE AMERICA,05D0858228,CA,1105 ATLANTIC AVENU SUITE 101,5105221492,94501,37.7809105,-122.2645912,2.5
VALLEJO,KAISER PERMANENTE MEDICAL OFFICES,05D0859931,CA,975 SERENE DRIVE,,94589,38.12767,-122.2484432,3
MOUNTAIN VIEW,MOUNTAIN VIEW ENDOSCOPY CENTER,05D0860525,CA,"2490 HOSPITAL DRIVE, SUITE 211",6509887488,94040,37.3697973,-122.0823749,3
SAN FRANCISCO,ST MARY'S MEDICAL CENTER,05D0862149,CA,450 STANYAN STREET,4157505771,94117,37.7740749,-122.4538893,3.5
SAN MATEO,BAY FAMILY MEDICAL GROUP,05D0864238,CA,50 SOUTH SAN MATEO DRIVE 230,4153480454,94401,37.5661477,-122.326442,2
SAN FRANCISCO,PACIFIC COAST INTERNAL MEDICINE,05D0866270,CA,1700 CALIFORNIA STREET #520,4157711700,94109,37.790523,-122.4230564,3
SAN JOSE,GOOD SAMARITAN MEDICAL GROUP,05D0869246,CA,2585 SAMARITAN DRIVE,4083562273,95124,37.25289,-121.9500218,3
NOVATO,NOVATO CLINICAL LAB,05D0869370,CA,1324 GRANT AVE,4158923300,94945,38.1087986,-122.5742711,3.5
MOUNTAIN VIEW,SOUTH DRIVE MEDICAL CLINIC,05D0870456,CA,515 SOUTH DRIVE SUITE 15,6509619430,94040,37.3670004,-122.0837379,3
CONCORD,JOHN MUIR BEHAVIORAL HEALTH CENTER,05D0872188,CA,2740 GRANT STREET,9256744100,94520,37.9853651,-122.0379096,1.5
OAKLAND,ALTA BATES MEDICAL GROUP,05D0872825,CA,368 28TH ST,5108341950,94609,37.8165322,-122.2647462,3
REDWOOD CITY,SEQUOIA HOSPITAL-HEALTH & WELLNESS,05D0874325,CA,749 BREWSTER AVE,6503675998,94061,37.4891542,-122.2329343,3
REDWOOD CITY,STANFORD LAB AT REDWOOD MEDICAL GROUP,05D0875111,CA,805 VETERANS BLVD,4157236522,94063,37.4912229,-122.2286058,3
SONOMA,SONOMA VALLEY HOSPITAL DISTRICT,05D0875504,CA,347 ANDRIEUX ST,7079355135,95476,38.2881503,-122.4656876,3
SAN FRANCISCO,ST MARYS HOME HEALTH,05D0877384,CA,450 STANYAN ST,4157505575,94117,37.7740749,-122.4538893,3.5
PLEASANTON,TRI VALLEY SURGERY CENTER,05D0878233,CA,4487 STONERIDGE DR,5104843100,94588,37.6877685,-121.8767627,5
OAKLAND,ALTA BATES MEDICAL ASSOCIATES,05D0878618,CA,"400 29TH STREET, SUITE 301",5102048290,94609,37.817988,-122.2651007,3
REDWOOD CITY,BAY AREA PRIMARY CARE,05D0879537,CA,570 PRICE AVE,4153630723,94063,37.4936124,-122.2314913,3
CONCORD,"JOHN MUIR MEDICAL CENTER, CONCORD CAMPUS",05D0880668,CA,2540 EAST STREET,9256742184,94524,37.9837655,-122.0349226,3
SAN FRANCISCO,"DERMATOLOGY, UNIVERSITY OF CALIFORNIA",05D0880730,CA,#1 IRVING STREET ROOM AC34,4154769834,94143,37.7640797,-122.4575605,3
SAN FRANCISCO,SAN FRANCISCO FREE CLINIC,05D0881265,CA,4900 CALIFORNIA STREET,4157509087,94118,37.7848156,-122.4701206,3.5
MOUNTAIN VIEW,GRANT CUESTA NURSING & REHAB CENTER,05D0882020,CA,1949 GRANT ROAD,4159682990,94040,37.3736851,-122.0769619,3
WALNUT CREEK,JOHN MUIR MEDICAL GROUP,05D0882057,CA,1220 ROSSMOOR PKWY,9259391220,94595,37.877669,-122.0696738,3
GILROY,SOUTH VALLEY HOSPITAL NURSING SERVICES,05D0882609,CA,9400 NO NAME UNO,4088482000,95020,37.0367167,-121.5711608,2.5
OAKLAND,FRUITVALE HEALTH CARE CENTER,05D0883158,CA,3020 EAST 15TH STREET,5102615613,94601,37.7796482,-122.2268771,2.5
MENLO PARK,STANFORD BLOOD CENTER - MENLO PARK,05D0883874,CA,445 BURGESS DR,6507249916,94025,37.4515338,-122.1748267,3
SANTA ROSA,HOME CARE PARTNERS,05D0885132,CA,"2455 BENNETT VALLEY ROAD, SUITE 216C",7075262273,95404,38.4341002,-122.6917497,2.5
SAN FRANCISCO,ORAL MEDICINE CLINICAL LABORATORY,05D0885301,CA,UCSF 521 PARNASSUS ROOM C-637 BOX 0422,4154765947,94143,37.763237,-122.4573349,3
SAN FRANCISCO,MERCY DOCTORS MEDICAL GROUP,05D0887344,CA,"1 SHRADER STREET, SUITE 640",4157520100,94117,37.7746141,-122.4532259,4
SONOMA,SONOMA VALLEY HOSPITAL DISTRICT,05D0887560,CA,347 ANDRIEUX ST,7079355276,95476,38.2881503,-122.4656876,3
SAN FRANCISCO,GOLDEN GATE HEALTH CARE CENTER,05D0889212,CA,2707 PINE STREET,4155637600,94115,37.7868718,-122.4404869,3
SANTA ROSA,NORTH COAST HEALTH CARE CENTERS,05D0889365,CA,151 SOTOYOME STREET,7075432500,95405,38.4415096,-122.7022982,2.5
LOS GATOS,COMMUNITY HOSPITAL LOS GATOS,05D0894652,CA,815 POLLARD ROAD,4083786131,95030,37.2627564,-121.9696175,3.5
SAN FRANCISCO,UCSF WOMEN'S HEALTH CENTER,05D0895977,CA,2356 SUTTER ST 5TH FLOOR,4155148447,94115,37.7854624,-122.4392664,3.5
NAPA,PHYSICIANS CLINICAL LABORATORY,05D0896329,CA,1100 TRANCAS STREET #252,9169842315,94558,38.3236475,-122.298622,4.5
OAKLAND,CHILDREN'S HOSPITAL & RESEARCH CENTER AT,05D0898270,CA,3100 SUMMIT STREET,5106554000,94609,37.8201507,-122.2639466,3
OAKLAND,HOME HEALTH SYSTEMS,05D0898726,CA,"1900 EMBARCADERO COVE, SUITE 401",5105354975,94606,37.7831042,-122.2426557,2.5
NOVATO,NOVATO MEDICAL CENTER,05D0899100,CA,1324 GRANT AVENUE,4158923300,94945,38.1087986,-122.5742711,3.5
SAN FRANCISCO,OCCUPATIONAL HEALTH NETWORK,05D0899535,CA,650 5TH STREET #101,4159745157,94107,37.775591,-122.3980118,3
SANTA ROSA,SANTA ROSA PEDIATRICS,05D0901846,CA,"1140 SONOMA AVENUE, BLDG 3",7075455200,95405,38.4409503,-122.6996728,2.5
MARTINEZ,CONTRA COSTA COUNTY HOME HEALTH AGENCY,05D0902930,CA,"597 CENTER AVE, SUITE 280",5103136650,94553,37.9931066,-122.1177818,2
SONOMA,SONOMA VALLEY COMMUNITY HEALTH CENTER,05D0903302,CA,19270 SONOMA HWY,7079396070,95476,38.2987344,-122.4744453,3
REDWOOD CITY,PENINSULA WOMEN'S HEALTH,05D0903369,CA,100 ARCH STREET SUITE 3,,94062,37.4879182,-122.2388442,3
REDWOOD CITY,REDWOOD CITY ENDOSCOPY CENTER,05D0904004,CA,100 ARCH RD STE 3,6503652911,94062,37.4879182,-122.2388442,3
SAN PABLO,VALE HEALTH CARE CENTER,05D0906448,CA,13484 SAN PABLO AVENUE,5102325945,94806,37.955722,-122.3347543,2
SAN FRANCISCO,ST LUKE'S HEALTH CARE CENTER - WOMEN'S CLINIC,05D0906461,CA,1580 VALENCIA ST #508,4156412138,94110,37.7467497,-122.4205566,3.5
SAN FRANCISCO,PRIMARY HEALTH CARE ASSOCIATES,05D0906583,CA,"4444 GEARY BOULEVARD, SUITE 105",4156683289,94118,37.7811756,-122.4672018,3.5
SAN FRANCISCO,UCSF HOME HEALTH CARE,05D0906586,CA,3360 GEARY BOULEVARD,4155148447,94118,37.7818162,-122.4551372,3
SAN FRANCISCO,ST LUKES HEALTH CARE CENTER,05D0907197,CA,1580 VALENCIA STREET SUITE 506,4156422616,94110,37.7467497,-122.4205566,3.5
REDWOOD CITY,SEQUOIA MEDICAL ASSOCIATES,05D0909285,CA,"2900 WHIPPLE AVE, STE 130",6502612300,94062,37.4793569,-122.2562606,3.5
SAN LEANDRO,SAN LEANDRO SURGERY CENTER,05D0909468,CA,15035 EAST FOURTEENTH ST,5102762800,94578,37.704552,-122.1286519,4.5
REDWOOD CITY,BLOOD CENTERS OF THE PACIFIC-,05D0911571,CA,260 MAIN STREET SUITE C,6502616266,94062,37.4934171,-122.2286501,3
MOUNTAIN VIEW,EL CAMINO HOSPITAL,05D0913149,CA,2400 GRANT ROAD PARK PAVILION,4159887407,94039,37.3705486,-122.0792221,3
RICHMOND,EAST BAY HOSPITAL,05D0913598,CA,820 23RD STREET,5102342525,94804,37.944015,-122.3471077,3
SAN FRANCISCO,MISSION HIGH SCHOOL HEALTH CENTER,05D0914767,CA,3750 18TH STREET,4152416561,94114,37.7617503,-122.4271709,3.5
OAKLAND,CHILDREN'S SURGERY CENTER,05D0915312,CA,744 52ND STREET,5104283133,94609,37.8378905,-122.2677814,3
VALLEJO,SOLANO COUNTY HOME HEALTH SERVICES,05D0915801,CA,355 TUOLUME STREET MS 20-210,7075535571,94590,38.1052454,-122.2483726,2.5
MOUNTAIN VIEW,STANFORD BLOOD CENTER - MOUNTAIN VIEW,05D0917036,CA,515 SOUTH DR STE 20,6507249916,94040,37.3670004,-122.0837379,3
SAN MATEO,PALO ALTO MEDICAL FOUNDATION,05D0917296,CA,123 S SAN MATEO DR,6503434200,94401,37.5654692,-122.3249653,2
SAN RAMON,CANCER CENTER FOR WOMEN,05D0917676,CA,"5601 NORRIS CANYON ROAD, STE 320",5108396500,94583,37.7781369,-121.9578974,3
OAKLAND,E M HEALTH SERVICES,05D0918656,CA,"3640 GRAND AVENUE, SUITE #210",5104510651,94610,37.8156744,-122.2453148,3
SAN FRANCISCO,PACIFIC HEIGHTS MEDICAL GROUP,05D0918817,CA,"2340 CLAY STREET, 6TH FLOOR",4156745200,94115,37.791364,-122.431998,3
OAKLAND,NURSES IN ACTION,05D0920242,CA,"1611 TELEGRAPH AVE, STE #305",5108346817,94612,37.8063737,-122.2706835,3
WALNUT CREEK,JOHN MUIR MEDICAL GROUP,05D0921676,CA,"1455 MONTEGO, STE 205",9259394444,94598,37.9102059,-122.041527,5
PLEASANT HILL,EPIC CARE,05D0925712,CA,400 TAYLOR BLVD STE 302-B,9254180279,94523,37.9618324,-122.0740479,5
LARKSPUR,MARIN COMMUNITY CLINIC,05D0926513,CA,5 BON AIR RD STE 117,4154481500,94939,37.9440876,-122.5401569,3
SAN FRANCISCO,MISSION NEIGHBORHOOD HEALTH CENTER,05D0928655,CA,4434 MISSION ST,4154061353,94112,37.7268268,-122.4335258,3.5
SAN FRANCISCO,ST LUKE'S HEALTH CARE CENTER - PEDIATRIC CLINIC,05D0928876,CA,1580 VALENCIA STREET STE 701,4156416913,94110,37.7467497,-122.4205566,3
DALY CITY,ST LUKE'S HEALTH CARE CENTER,05D0928969,CA,"48 PARK PLAZA, SUIT 317",4158210531,94015,37.7009069,-122.4817864,2.5
VACAVILLE,NORTHBAY HEALTHCARE GROUP,05D0929234,CA,"1010 NUT TREE ROAD, SUITE 100",7074465735,95687,38.3545317,-121.952377,3
SAN JOSE,SANTA CLARA VALLEY MEDICAL CENTER,05D0929398,CA,750 S BASCOM AVE,4088856551,95128,37.3142471,-121.9312672,2
SAN JOSE,SANTA CLARA VALLEY MEDICAL CENTER AT,05D0929399,CA,2400 MOORPARK AVENUE,4088856551,95128,37.3156923,-121.9370894,2
FREMONT,TRI-CITY HEALTH CENTER,05D0931142,CA,39500 LIBERTY STREET,5107708133,94538,37.5489569,-121.9769483,3
SAN FRANCISCO,UCSF MOUNT ZION PEDIATRIC GROUP,05D0932437,CA,2330 POST ST,4155148447,94115,37.7844665,-122.4404425,3
PALO ALTO,PALO ALTO ENDOSCOPY CENTER,05D0933838,CA,"770 WELCH ROAD, STE 380",6503250391,94304,37.4381666,-122.1760496,3
VACAVILLE,NORTHBAY HEALTHCARE MEDICAL GROUP,05D0935267,CA,"1010 NUT TREE, SUITE 205",7074261121,95688,38.3545317,-121.952377,3
HAYWARD,ST ROSE HOSPITAL-OCCUPATIONAL HEALTH,05D0935616,CA,27200 CALAROGA AVE,5102644046,94545,37.6334549,-122.0879165,2.5
SAN FRANCISCO,BAY AREA HEALTH MEDICAL CENTER,05D0935856,CA,3400 CALIFORNIA STREET #200,4154405499,94118,37.7869727,-122.450373,3.5
SAN RAFAEL,TERRA LINDA MEDICAL,05D0935934,CA,920 NORTHGATE DRIVE SUITE 6,4154791022,94903,38.007116,-122.5451847,2.5
NAPA,NAPA DIAGNOSTICS,05D0936366,CA,"1100 TRANCAS ST, #211",7072596767,94558,38.3236475,-122.298622,2.5
MOUNTAIN VIEW,CAMINO MEDICAL GROUP,05D0937736,CA,"515 SOUTH DRIVE, SUITE 21",6509888227,94040,37.3670004,-122.0837379,3
VACAVILLE,NORTHBAY HEALTH CARE MEDICAL GROUP,05D0938073,CA,1010 NUT TREE STE 205,7074261121,95687,38.3545317,-121.952377,3
SAN FRANCISCO,SUTTER PACIFIC MEDICAL FOUNDATION,05D0943579,CA,3838 CALIFORNIA ST RM 305,7075237220,94118,37.786182,-122.4574719,3.5
FAIRFIELD,SUTTER REGIONAL MEDICAL FOUNDATION,05D0946463,CA,2450 MARTIN ROAD,7074282788,94534,38.2742017,-122.0510439,2.5
SAN FRANCISCO,UCSF NEW GENERATION HEALTH CENTER,05D0947084,CA,625 POTRERO AVE,4155142555,94110,37.761407,-122.406827,3
SANTA ROSA,SUTTER PACIFIC MEDICAL FOUNDATION,05D0947288,CA,3883 AIRWAY DR STE 100,7075237220,95403,38.4832435,-122.7396754,3
SAN FRANCISCO,UCSF DIABETES TEACHING CENTER,05D0947303,CA,"400 PARNASSUS, 5TH FLOOR",4153532266,94143,37.7645542,-122.4572508,3.5
WALNUT CREEK,JOHN MUIR MEDICAL GROUP,05D0948093,CA,106 LA CASA VIA STE 100,9252808777,94598,37.9121731,-122.0433918,5
SAN LEANDRO,AMERICAN MEDICAL RESPONSE,05D0948622,CA,640 143RD AVENUE,5108957600,94578,37.7068804,-122.1418721,2
VALLEJO,AMERICAN MEDICAL RESPONSE,05D0948668,CA,1027 ALABAMA STREET,7075526212,94590,38.1086963,-122.2478852,3
SAN FRANCISCO,AMERICAN MEDICAL RESPONSE - WEST,05D0948670,CA,1300 ILLINOIS ST,4159229400,94107,37.7552382,-122.3873382,3
SAN FRANCISCO,WOMEN'S HEALTH CARE,05D0948740,CA,2320 SUTTER STREET #101,4159287858,94115,37.7855829,-122.4386288,3.5
REDWOOD CITY,SEQUOIA MEDICAL CLINIC,05D0949545,CA,633 VETERANS BLVD,6503641565,94063,37.492362,-122.2311322,3
REDWOOD CITY,SEQUOIA MEDICAL ASSOCIATES,05D0949546,CA,2900 WHIPPLE AVE STE 130,6502988774,94062,37.4793569,-122.2562606,3.5
SAN RAMON,JOHN MUIR MEDICAL GROUP,05D0950814,CA,"2305 CAMINO RAMON, SUITES 100 & 120",9258371886,94583,37.7755312,-121.9646411,3
FREMONT,PALO ALTO MEDICAL FOUNDATION FREMONT CENTER,05D0952718,CA,3200 KEARNEY ST,5104982839,94538,37.5485656,-121.9736051,2
OAKLAND,CHILDRENS HOSPITAL OAKLAND,05D0953263,CA,747 52ND STREET,5104283365,94609,37.8371901,-122.2670282,3
WALNUT CREEK,JOHN MUIR MEDICAL GROUP,05D0956635,CA,2621 SHADELANDS DR,9259412658,94598,37.9268205,-122.0227983,5
SAN FRANCISCO,GENERAL MEDICINE/MT ZION PRACTICE,05D0957787,CA,1701 DIVISADERO AVENUE BOX 1731,4155148447,94115,37.7852915,-122.4403115,3
SAN FRANCISCO,SUTTER PACIFIC MEDICAL FOUNDATION,05D0962082,CA,2340 CLAY ST,4156002640,94115,37.791364,-122.431998,3
SAN FRANCISCO,UCSF STANFORD HEALTH CARE,05D0962323,CA,350 PARNASSUS STE 805,4155025635,94117,37.7642347,-122.4562335,3
SAN FRANCISCO,UCSF EMPLOYEE AND OCCUPATIONAL HEALTH SERVICES,05D0963211,CA,"2330 POST STREET, SUITE 460",4155148447,94115,37.7844665,-122.4404425,3.5
BURLINGAME,BURLINGAME FAMILY HEALTH LAB,05D0965052,CA,1820 OGDEN DR FIRST FLOOR,6506977202,94010,37.59273,-122.386594,3
MOUNTAIN VIEW,EL CAMINO HOSPITAL,05D0965730,CA,2500 GRANT RD,6509407130,94040,37.3694772,-122.0799117,3
HAYWARD,SLEEPY HOLLOW FACILITY,05D0969866,CA,27289 SLEEPY HOLLOW HOME #101,5107864152,94545,37.6320077,-122.0936417,3
VALLEJO,KAISER HOSPICE,05D0972194,CA,1761 BROADWAY STE 101,7076452730,94589,38.1303683,-122.2537895,3
SAN FRANCISCO,KAISER SAN FRANCISCO,05D0972726,CA,4131 GEARY BLVD 4TH FL,4158333655,94118,37.7806661,-122.4637656,3.5
FREMONT,FREMONT SURGERY CENTER,05D0973572,CA,39472 PASEO PADRE PARKWAY,5107922887,94538,37.5506126,-121.9744194,4.5
SAN FRANCISCO,SAINT FRANCIS MEMORIAL HOSPITAL,05D0974971,CA,1199 BUSH STREET STE 160,4153536305,94109,37.7889333,-122.4167294,3
PALO ALTO,PALO ALTO ENDOSCOPY CENTER,05D0976888,CA,770 WELCH RD STE 380,6503250391,94304,37.4381666,-122.1760496,3
FREMONT,UNIVERSITY MEDICAL GROUP,05D0977152,CA,"2557 MOWRY AVE, STE 34",5107945320,94538,37.5557213,-121.9830791,3
OAKLAND,SUTTER HEALTH AT WORK MEDICAL,05D0979801,CA,5700 TELEGRAPH AVE,9162866769,94609,37.8432503,-122.2610907,3
MARTINEZ,CONTRA COSTA PUBLIC HEALTH/PUBLIC HEALTH,05D0980028,CA,597 CENTER AVE STE 200D,9253818511,94553,37.9931066,-122.1177818,2
FREMONT,WASHINGTON URGENT CARE,05D0980163,CA,"2500 MOWRY AVENUE, SUITE #212",5106086174,94538,37.5550545,-121.9802738,2
FREMONT,FREMONT OBGYN,05D0980470,CA,1860 MOWRY AVE STE 306,5107967104,94538,37.558335,-121.9786365,3
CONCORD,CONTRA COSTA CARDIOLOGY MEDICAL GROUP,05D0982151,CA,"2485 HIGH SCHOOL AVE, SUITE 100",9256710610,94520,37.9853224,-122.0341117,3
SAN FRANCISCO,ST LUKES HEALTHCARE CENTER,05D0982929,CA,3085 24TH ST STE 201,4156478111,94110,37.7523796,-122.4137632,3.5
SANTA CLARA,GOOD HEALTH MEDICAL CENTER INC,05D0984704,CA,3466 EL CAMINO REAL,4085541400,95051,37.3515518,-121.9922814,3
SAN MATEO,SAN MATEO COUNTY HEALTH SYSTEM SMMC LABORATORY,05D0987255,CA,222 W 39TH AVE,6505732689,94403,37.5312245,-122.2991375,2.5
SAN FRANCISCO,SAN FRANCISCO VAMC,05D0988226,CA,4150 CLEMENT ST BLDG200 2ND FL 2B117,4157502001,94121,37.7820065,-122.5050511,3.5
OAKLAND,HEART MEDICINE AND CHEST PAIN CLINIC,05D0989656,CA,368 28TH STREET,5104657382,94609,37.8165322,-122.2647462,3
OAKLAND,KAISER OAKLAND HOSPICE,05D0990476,CA,4501 BROADWAY 1ST FLOOR,5107526390,94611,37.8329251,-122.2536539,3
UNION CITY,KAISER HOSPICE - HAYWARD,05D0990479,CA,30116 EIGENBRODT WAY,5106755777,94587,37.6082694,-122.0701041,2
SAN FRANCISCO,PACIFIC WOMEN'S OB/GYN MEDICAL GROUP,05D0991863,CA,3838 CALIFORNIA STREET SUITE 316,4153799600,94118,37.786182,-122.4574719,3.5
MOUNTAIN VIEW,FRANK S DOPP MD,05D0993344,CA,2500 HOSPITAL DRIVE,6509645421,94040,37.3682691,-122.0824676,3
NOVATO,SUTTER TERRA LINDA HEALTH PLAZA,05D0994404,CA,4000 CIVIC CENTER DRIVE,4152091460,94945,38.0044896,-122.5382765,2.5
WALNUT CREEK,JOHN MUIR MEDICAL GROUP,05D0995273,CA,1450 TREAT BLVD,9259522811,94598,37.9260898,-122.0522716,5
SANTA ROSA,HOUSE CALLS - SANTA ROSA MEMORIAL HOSPITAL,05D0995291,CA,"1154 MONTGOMERY DR, STE 6",7075474684,95405,38.4429538,-122.7002684,2.5
SAN MATEO,MILLS HEALTH CENTER,05D0995352,CA,100 SO SAN MATEO DR,6506964510,94401,37.5650427,-122.3262078,1.5
GILROY,U S HEALTHWORKS MEDICAL GROUP,05D0997013,CA,190 LEAVESLEY RD STE 102,4088480444,95020,37.0194442,-121.5731673,1.5
FAIRFIELD,SUTTER REGIONAL MEDICAL FOUNDATION,05D0998928,CA,2702 LOW COURT,7074274900,94534,38.2365934,-122.0855654,2.5
UNION CITY,PACIFIC ASIAN MEDICAL CENTER,05D1000843,CA,32145 ALVARADO NILES ROAD SUITE 209,5104418600,94587,37.5964,-122.0555569,2
SAN FRANCISCO,LAUREL HEIGHTS COMMUNITY CARE,05D1001643,CA,2740 CALIFORNIA STREET,4155673133,94115,37.7885037,-122.439779,3.5
SAN FRANCISCO,CALIFORNIA PACIFIC MEDICAL CENTER IN-PATIENT,05D1002381,CA,2323 SACRAMENTO STREET,4156006000,94115,37.7899194,-122.4315507,3
WALNUT CREEK,CHILDRENS HOSPITAL AND RESEARCH CENTER,05D1004026,CA,106 LA CASA VIA STE 220,5104283365,94598,37.9121731,-122.0433918,3
SAN JOSE,ARTHRITIS CARE CENTER,05D1005271,CA,1835 PARK AVENUE,4082793330,95126,37.3356075,-121.9264669,2
SANTA ROSA,4TH STREET LASER & SURGERY CENTER,05D1008140,CA,1720 FOURTH STREET,7075468100,95404,38.4485443,-122.698833,4.5
MOUNTAIN VIEW,CAMINO MEDICAL GROUP,05D1013067,CA,125 SOUTH DRUVE,6509347007,94040,37.3669385,-122.0790491,3
OAKLAND,BAY SURGERY CENTER,05D1013494,CA,6633 TELEGRAPH AVE SUITE B,5108412179,94609,37.8525298,-122.2605218,3
SANTA CLARA,KAISER FOUNDATION HOSPITAL,05D1014584,CA,700 LAWRENCE EXPRESSWAY,4088516330,95051,37.3356096,-121.9988491,3
SANTA ROSA,"SANTA ROSA MEMORIAL HOSPITAL,",05D1015301,CA,525 DOYLE PARK DR 2ND FL,7075474600,95405,38.4424986,-122.6990141,2.5
SAN RAMON,JOHN MUIR MEDICAL GROUP,05D1015415,CA,2301 CAMINO RAMON STE 110,9253615550,94583,37.7762785,-121.9657519,3
SANTA ROSA,ENDOSCOPY CENTER OF SANTA ROSA,05D1015770,CA,1200 SONOMA AVE STE 2,7075712192,95405,38.4412274,-122.6985576,2.5
CONCORD,PREMIER SURGERY CENTER,05D1016232,CA,2222 EAST STREET SUITE 200,9256915000,94520,37.9813955,-122.0323355,4
BERKELEY,BERKELEY ADULT DAY HEALTH CENTER,05D1016461,CA,1890 ALCATRAZ AVENUE,5106010167,94703,37.8487638,-122.269598,3
BURLINGAME,PENINSULA HOSPITAL EMERGENCY ROOM,05D1017571,CA,1783 EL CAMINO REAL,6506965500,94010,37.5944704,-122.3833033,3
PALO ALTO,DEPT OF PEDIATRICS PALO ALTO MEDICAL CLINIC,05D1019185,CA,795 EL CAMINO REAL 1ST FLOOR,6508532992,94301,37.4399863,-122.1617036,3
PALO ALTO,PALO ALTO MED FOUNDATION,05D1019560,CA,795 EL CAMINO REAL,6508532924,94301,37.4399863,-122.1617036,4.5
VACAVILLE,NORTHBAY HEALTH CARE GROUP CENTER,05D1020424,CA,1010 NUT TREE RD STE 100,7076435133,95687,38.3545317,-121.952377,3
PALO ALTO,PALO ALTO MEDICAL FOUNDATION,05D1021517,CA,795 EL CAMINO REAL 1ST FLOOR,6508532984,94301,37.4399863,-122.1617036,3.5
OAKLAND,BONE & JOINT MEDICAL ASSOCIATES,05D1021521,CA,3300 WEBSTER ST 12TH FL SUITE 1202,5108363300,94609,37.8211303,-122.2620467,3
OAKLAND,SUTTER HEALTH AT WORK OAKLAND,05D1024154,CA,5700 TELEGRAPH AVE,5102044455,94609,37.8432503,-122.2610907,3
BURLINGAME,SUTTER HEALTH AT WORK BURLINGAME,05D1024157,CA,1720 EL CAMINO REAL 2ND FL STE 225,6506965838,94010,37.5938827,-122.3804416,3
SAN FRANCISCO,SAN FRANCISCO SURGERY CENTER,05D1025102,CA,450 SUTTER STREET SUITE 500 5TH FLOOR,5104516950,94108,37.7896794,-122.4078572,3
SAN FRANCISCO,ST LUKES HEALTHCARE CENTER,05D1025390,CA,1580 VALENCIA STREET SUITE 701,4156416890,94110,37.7467497,-122.4205566,3.5
SAN FRANCISCO,SUTTER PACIFIC MEDICAL FOUNDATION,05D1025650,CA,3700 CALIFORNIA ST GROUND FL,7075237220,94118,37.7865706,-122.4560109,3.5
SAN FRANCISCO,SUTTER PACIFIC MEDICAL FOUNDATION,05D1025652,CA,CASTRO AND DUBOCE STREET LEVEL A,4156004250,94114,37.7685922,-122.4346915,3
SAN FRANCISCO,SUTTER PACIFIC MEDICAL FOUNDATION,05D1025655,CA,3801 SACRAMENTO ST,7075237220,94118,37.7869516,-122.4556222,3.5
SAN RAFAEL,SUTTER PACIFIC MEDICAL FOUNDATION,05D1026871,CA,4000 CIVIC CENTER DR STE 206,7075237220,94903,38.0044896,-122.5382765,2.5
PALO ALTO,PALO ALTO MEDICAL FOUNDATION,05D1027089,CA,49 WELLS AVE,6506143299,94301,37.4408571,-122.1618767,3.5
PALO ALTO,PALO ALTO MED FOUNDATION,05D1027717,CA,795 EL CAMINO REAL,6508532905,94301,37.4399863,-122.1617036,4.5
MOUNTAIN VIEW,"MOUNTAIN VIEW MEDICAL CARE, INC.",05D1028031,CA,495 CASTRO ST #102,6509682389,94041,37.3901067,-122.0808817,3
WALNUT CREEK,"JOHN MUIR MEDICAL CENTER, WOMEN'S HEALTH CENTER",05D1028629,CA,1656 N CALIFORNIA BLVD SUITE 100,9259417965,94596,37.901596,-122.0641249,3
SAN FRANCISCO,EDMOND LIU MD,05D1032226,CA,ONE SHRADER STREET SUITE 500,4158316441,94110,37.7747165,-122.4533377,5
SAN FRANCISCO,UCSF RADIOLOGY IMAGING CENTER LABORATORY,05D1035125,CA,"185 BERRY STREET, SUITE 190",4155148447,94107,37.7765973,-122.3919488,4
PALO ALTO,PALO ALTO MEDICAL FOUNDATION,05D1039645,CA,795 EL CAMINO REAL,6508532977,94301,37.4399863,-122.1617036,3.5
DALY CITY,ST ELIZABETH ANN SETON NEW LIFE CENTER,05D1041524,CA,1500 SOUTHGATE AVE STE 112,6503018882,94015,37.6753808,-122.4750723,1
SANTA CLARA,KAISER FOUNDATION HOSPITAL HOMESTEAD,05D1041991,CA,"710 LAWRENCE EXRESSWAY, 4TH FL, DEPT 494",4088514140,95051,37.3363342,-121.9974591,3
OAKLAND,EAST BAY AIDS CENTER MEDICAL GROUP,05D1045661,CA,3100 SUMMIT STREET 2ND FLOOR,5108698400,94609,37.8201507,-122.2639466,3
MOUNTAIN VIEW,MOUNTAIN VIEW ENDOSCOPY CENTER,05D1045743,CA,"2485 HOSPITAL DRIVE, SUITE 240",6509887488,94040,37.3696227,-122.0809483,3
FREMONT,"STANFORD CLINICAL LABORATORIES,FREMONT",05D1046473,CA,"2147 MOWRY AVENUE, SUITE C6",6507255600,94538,37.5578461,-121.9817464,2
PALO ALTO,SEQUOIA HOSPITAL OCCUPATIONAL HEALTH,05D1047172,CA,454 FOREST AVE,6505660290,94301,37.4462024,-122.157009,3
REDWOOD CITY,PALO ALTO MEDICAL FOUNDATION,05D1048930,CA,"805 VETERANS BLVD, SUITE 201",6508532213,94063,37.4912229,-122.2286058,3
SAN FRANCISCO,POST STREET SURGERY CENTER,05D1050912,CA,2299 POST STREET #108,4159233770,94115,37.784117,-122.4392111,3.5
OAKLAND,KAISER FOUNDATION HOSPITAL OAKLAND,05D1052056,CA,275 W MACARTHUR BLVD,5107526083,94611,37.8235207,-122.2585683,3
CONCORD,MT DIABLO SURGERY CENTER,05D1053027,CA,2540 EAST ST 2ND FL A-2,9256744740,94520,37.9827647,-122.0333245,3
OAKLAND,TELECARE HERITAGE PSYCHIATRIC HEALTH FACILITY,05D1053061,CA,2633 EAST 27TH STREET,5105355115,94601,37.7905759,-122.2220899,4
LOS GATOS,SAMARITAN CENTER FOR MEDICAL RESEARCH,05D1055911,CA,360 DARDANELLI LN STE 2G,4083560503,95032,37.2630074,-121.9669072,3.5
VALLEJO,LA CLINICA VALLEJO GREAT BEGINNINGS,05D1057049,CA,210 HOSPITAL DRIVE,7076457316,94589,38.1315035,-122.2387657,3
SAN FRANCISCO,CHINESE HOSPITAL'S EXCELSIOR HEALTH,05D1057684,CA,"888 PARIS STREET, #202",4156772488,94112,37.7160837,-122.4395578,2.5
OAKLAND,"BIRTH PLACE,THE",05D1057740,CA,2800 PARK BLVD,5106633330,94610,37.802459,-122.2395882,2.5
SAN JOSE,O'CONNOR WOUND CARE CENTER,05D1058150,CA,"125 CIRO AVE, SUTIE 201",4089472804,95128,37.3262385,-121.9385116,3.5
FREMONT,WASHINGTON HOSPITAL HEALTHCARE SYSTEM DIABETES,05D1058663,CA,3575 BEACON AVE,5107456556,94538,37.5494515,-121.9820129,2
SAN RAMON,JOHN MUIR MEDICAL GROUP,05D1061946,CA,2305 CAMINO RAMON STE 270,9258668700,94583,37.7755312,-121.9646411,3
FREMONT,PROCEDURE SUITE-FREMONT CENTER,05D1061965,CA,3140 KEARNEY STREET,5104982919,94538,37.5481666,-121.9735678,4.5
FREMONT,WASHINGTON TOWNSHIP MEDICAL GROUP,05D1063326,CA,"1860 MOWRY AVENUE, SUITE 200",5107952026,94538,37.558335,-121.9786365,2
BERKELEY,BE WELL AT WORK- WELLNESS PROGRAM,05D1064081,CA,"TANG CENTER, 3RD FLOOR",5106423908,94720,37.867915,-122.2644008,3
PALO ALTO,PALO ALTO MEDICAL FOUNDATION,05D1065615,CA,"795 EL CAMINO REAL    LEE BUILDING, LEVEL 2",6508532976,94301,37.4399863,-122.1617036,3.5
MOUNTAIN VIEW,"PALO ALTO MEDICAL FOUNDATION FOR HEALTH, MV LAB",05D1067205,CA,701 E EL CAMINO REAL,6509347361,94040,37.3765268,-122.0651929,3
SAN FRANCISCO,EYE SURGERY CENTER OF SAN FRANCISCO,05D1071573,CA,1160 POST ST,4154401100,94109,37.7869575,-122.4207976,3
WALNUT CREEK,JOHN MUIR MEDICAL GROUP,05D1071644,CA,"1455 MONTEGO, STE 104",9259461711,94598,37.9102059,-122.041527,5
CONCORD,JOHN MUIR MEDICAL GROUP,05D1071653,CA,"5161 CLAYTON ROAD, SUITE F",9256098285,94520,37.956103,-121.9672626,5
VACAVILLE,VACAVILLE URGENT CARE,05D1073870,CA,"1001 NUT TREE RD, SUITE 110",7074551343,95687,38.3563988,-121.953382,3
VACAVILLE,"SURGERY CENTER AT NORTH BAY,THE",05D1076008,CA,1006 NUT TREE RD,7074462800,95687,38.354842,-121.9503025,3
RICHMOND,BROOKSIDE COMMUNITY HEALTH CENTER- RICHMOND,05D1076670,CA,1030 NEVIN AVENUE,5102155001,94801,37.9366494,-122.359172,3
SANTA ROSA,KAISER SANTA ROSA OUTPATIENT SURGERY DEPARTMENT,05D1078751,CA,3975 OLD REDWOOD WAY,7075714000,95403,38.4839845,-122.7373708,3
NEWARK,WASHINGTON TOWNSHIP MEDICAL GROUP,05D1079385,CA,35500 DUMBARTON CT,5107977535,94560,37.5487351,-122.0520062,2
SAN JOSE,O'CONNOR FAMILY HEALTH CENTER,05D1079613,CA,"455 O'CONNOR DR, STE 200",4082837666,95128,37.326606,-121.9402893,2.5
UNION CITY,WASHINGTON TOWNSHIP MEDICAL GROUP,05D1079639,CA,33077 ALVARADO NILES RD,5104876000,94587,37.5927639,-122.0438358,2
BURLINGAME,PALO ALTO MEDICAL FOUNDATION,05D1080292,CA,1720 EL CAMINO REAL SUITE # 160,6502591674,94010,37.5938827,-122.3804416,3
BURLINGAME,PALO ALTO MEDICAL FOUNDATION-,05D1080393,CA,1501 TROUSDALE DRIVE,6502408119,94010,37.5921025,-122.3833423,3
SAN FRANCISCO,ONE MEDICAL GROUP,05D1081409,CA,"110 SUTTER ST, 6TH FL",4152910480,94104,37.7902308,-122.4027026,2.5
SAN FRANCISCO,ONE MEDICAL GROUP,05D1081713,CA,2 EMBARCADERO CENTER,4155783100,94111,37.7947881,-122.3984101,2.5
SAN FRANCISCO,ONE MEDICAL GROUP,05D1081715,CA,3901 23RD ST,4158304744,94114,37.7530356,-122.4300245,3.5
FREMONT,WASHINGTON TOWNSHIP MEDICAL FOUNDATION,05D1082185,CA,39141 CIVIC CENTER DR STE 335,5102481000,94538,37.5540761,-121.9767535,2
PALO ALTO,BASS CENTER LABORATORY AT LPCH,05D1082619,CA,725 WELCH RD ROOM 1522,6507239571,94304,37.4355499,-122.1746382,3
REDWOOD CITY,LPCH SPECIAL CARE NURSERY AT SEQUOIA HOSPITAL,05D1082688,CA,"170 ALAMEDA DE LAS PULGAS, 3RD FLOOR ROOM T80",6507236122,94062,37.479843,-122.2546654,3.5
FREMONT,WASHINGTON TOWNSHIP MEDICAL GROUP,05D1085247,CA,"2557 MOWRY AVENUE, SUITE 12",5107933722,94538,37.5557213,-121.9830791,2
SAN FRANCISCO,SUTTER PACIFIC MEDICAL FOUNDATION,05D1085695,CA,1375 SUTTER STREET - STE 208,7075237220,94109,37.7872581,-122.4230053,3
SAN FRANCISCO,PACIFIC PAIN TREATMENT CENTER,05D1085696,CA,"2000 VAN NESS AVENUE, SUITE 402",4155671219,94109,37.7941573,-122.422614,3
DUBLIN,EPIC CARE,05D1085817,CA,6380 CLARK AVE,9254180279,94568,37.7047694,-121.9213997,5
SAN RAFAEL,NORTHERN CALIFORNIA PAIN CARE,05D1086170,CA,1050 NORTHGATE DRIVE SUITE 460,4154617246,94903,38.0080529,-122.5440147,2.5
MOUNTAIN VIEW,HOSPITAL DRIVE SURGERY CENTER,05D1086627,CA,2500 HOSPITAL DRIVE #9B,6505679800,94040,37.3682691,-122.0824676,4
OAKLAND,OAKLAND PEDIATRICS & BEHAVIORAL,05D1087693,CA,"2700 INTERNATIONAL BLVD, SUITE 11",5105331248,94601,37.7808837,-122.2311322,2.5
SAN MATEO,SAN MATEO SURGERY CENTER,05D1090125,CA,"66 BOVET ROAD, SUITE 103",6505700529,94402,37.5510575,-122.3150676,4
FREMONT,WASHINGTON TOWNSHIP MEDICAL GROUP,05D1090420,CA,"2299 MOWRY AVENUE, SUITE 3-A",5107941411,94536,37.556935,-121.9823536,2
ANTIOCH,SUTTER EAST BAY HOSPITALS,05D1091693,CA,3901 LONE TREE WAY - FALLMAN CENTER,9257797250,94509,37.9830274,-121.8025102,2
FREMONT,"MEDICAL ASSOCIATES OF FREMONT, INC",05D1091961,CA,39225 STATE STREET,5107941990,94538,37.5489198,-121.9829681,2
SAN FRANCISCO,UCSF PRENATAL DIAGNOSTIC CENTER,05D1092896,CA,"350 PARNASSUS AVENUE, SUITE 810",4153539162,94143,37.7642347,-122.4562335,3
FREMONT,"WASHINGTON TOWNSHIP MEDICAL GROUP, INC",05D1094936,CA,680 MURPHY AVENUE,5107921977,94536,37.5641425,-122.004179,2
WALNUT CREEK,JOHN MUIR MEDICAL GROUP,05D1095899,CA,1450 TREAT BLVD STE 350,9255132646,94597,37.9260898,-122.0522716,5
LOS GATOS,EL CAMINO LOS GATOS,05D1096864,CA,815 POLLARD ROAD,4088664067,95030,37.2627564,-121.9696175,3
FREMONT,FREMONT PAIN TREATMENT CENTER,05D1097382,CA,656 MOWRY AVE,5108189237,94536,37.5663421,-121.9735947,4.5
REDWOOD CITY,ALLERGY & ASTHMA CONSULTANTS,05D1098263,CA,"369 MAIN ST, SUITE 200",6502166111,94063,37.4909695,-122.2266112,3
OAKLAND,HEART MEDICINE & CHEST PAIN CLINIC,05D1098938,CA,368 28TH STREET,5104657382,94609,37.8165322,-122.2647462,3
SAN FRANCISCO,ONE MEDICAL GROUP,05D1102451,CA,559 CLAY ST # 200,4156445265,94111,37.7946707,-122.4025775,2.5
SAN LEANDRO,SAN LEANDRO DIALYSIS,05D1102496,CA,"15555 EAST 14TH STREET, SUITE 520",5103176510,94578,37.700337,-122.1262352,2
SANTA CLARA,KAISER SANTA CLARA CANCER TREATMENT CENTER,05D1106109,CA,3800 HOMESTEAD ROD,4088516330,95051,37.3364527,-122.001071,3
CAMPBELL,COMPREHENSIVE PAIN MANAGEMENT CENTER,05D1106785,CA,3425 S BASCOM AVE STE 200,4083565292,95008,37.2632762,-121.9442447,2.5
NOVATO,SUTTER PACIFIC MEDICAL FOUNDATION,05D2000864,CA,101 ROWLAND WAY STE 220,7075237220,94945,38.0973043,-122.5595962,3.5
WALNUT CREEK,JOHN MUIR MEDICAL GROUP,05D2000870,CA,106 LA CASA VIA SUITE 260,9252807192,94598,37.9121731,-122.0433918,5
REDWOOD CITY,UNIVERSITY MEDICAL GROUP,05D2004372,CA,2900 WHIPPLE AVE STE 145,5109748258,94062,37.4793569,-122.2562606,3.5
BURLINGAME,BAY AREA VEIN AND VASCULAR CENTER,05D2004895,CA,"1850 EL CAMINO REAL, STE 200",6506972431,94010,37.5960894,-122.3843572,3
SAN FRANCISCO,UCSF PRIMARY CARE LAUREL VILLAGE,05D2005225,CA,3490 CALIFORNIA ST STE 200,4155148447,94118,37.7868413,-122.4515705,3.5
SAN FRANCISCO,BABY CENTER HEALTH SERVICES,05D2006971,CA,163 FREELON STREET,4153447509,94107,37.7776013,-122.3980118,2.5
FREMONT,WASHINGTON TOWNSHIP MEDICAL GROUP,05D2007927,CA,1999 MOWRY AVE # 2-H,5107970700,94538,37.5582825,-121.9811688,2
LOS GATOS,STANFORD HOSPITAL & CLINICS,05D2010251,CA,16400 LARK AVE STE 350,4088273380,95032,37.2478775,-121.9569489,3.5
BURLINGAME,SAN MATEO COUNTY PRE-HOSPITAL EMERGENCY MEDICAL,05D2011562,CA,1510 ROLLINS RD,6503757424,94010,37.5932019,-122.3699955,3
OAKLAND,ADVANCED PHYSICAL MEDICINE AND REHABILITATION,05D2011567,CA,411 GRAND AVE,5104653668,94610,37.8085267,-122.2535429,3
HAYWARD,THE WOMEN'S CENTER AT ST ROSE,05D2013891,CA,27225 CALAROGA AVENUE,5103420020,94545,37.6319626,-122.0900025,2.5
UNION CITY,MERRY AND BRIGHT PEDIATRICS,05D2013893,CA,32142 ALVARADO BLVD,5104895711,94587,37.5897991,-122.0677206,2
OAKLAND,SUTTER HEALTH EAST BAY HOSPITALS,05D2014119,CA,3100 SUMMIT ST 2ND FLOOR,5108698958,94609,37.8201507,-122.2639466,3
SANTA CLARA,KAISER PERMANENTE CRISIS STABILIZATION PROGRAM,05D2014449,CA,3840 HOMESTEAD RD,4088516333,95051,37.3363237,-122.0018666,3
SAN FRANCISCO,ONE MEDICAL GROUP,05D2016081,CA,201 SPEAR STREET STE 230,4155039277,94105,37.7912629,-122.3920152,2.5
SAN FRANCISCO,UCSF GENERAL INTERNAL MEDICINE,05D2017629,CA,1545 DIVISADERO STREET 1ST & 2ND FLOORS,4153539162,94143,37.7840424,-122.4399151,3
SANTA ROSA,CONCENTRA-SANTA ROSA,05D2019222,CA,1221 N DUTTON AVE,7075438360,95401,38.4466453,-122.7323423,2.5
LOS GATOS,"PALO ALTO MEDICAL FOUNDATION FOR HEALTH CARE,",05D2019686,CA,360 DARDANELLI LN STE 2D,6509347780,95032,37.2630074,-121.9669072,3.5
MOUNTAIN VIEW,"PALO ALTO FOUNDATION FOR HEALTH CARE, RESEARCH",05D2019688,CA,MELCHOR PAVILLION 2490 HOSPITAL DR STE 102,6509347520,94040,37.3700236,-122.0824295,3
PALO ALTO,PALO ALTO HEALTH CENTER,05D2020144,CA,3000 HANOVER ST,6503191080,94304,37.4146379,-122.145929,3.5
LOS GATOS,LOS GATOS MEDICAL GROUP,05D2022974,CA,"555 KNOWLES DR, STE 109",4083700200,95032,37.261967,-121.9662407,3.5
SAN FRANCISCO,SUTTER PACIFIC MEDICAL FOUNDATION,05D2023919,CA,2100 WEBSTER ST. STE 516,7075237220,94115,37.790622,-122.4321701,3
SAN FRANCISCO,PACIFIC DIALYSIS,05D2024783,CA,"2351 CLAY STREET, 4TH FLOOR",4156003258,94114,37.7907,-122.4316064,3
SAN FRANCISCO,DAVIES DIALYSIS,05D2024869,CA,"45 CASTRO STREET, SOUTH TOWER, 2ND FL",4156005075,94114,37.768847,-122.4354438,3
LOS GATOS,CARE FOR THE BAY AREA,05D2027865,CA,555 KNOWLES DR STE 212,4083482462,95032,37.261967,-121.9662407,3.5
SAN FRANCISCO,CARE PRACTICE,05D2028316,CA,508 A 14TH STREET,4158644444,94103,37.7680985,-122.4249143,3.5
FREMONT,FREMONT AT HOME,05D2029679,CA,"39355 CALIFORNIA ST, 1ST FL",5104941348,94538,37.5470248,-121.982235,3
SAN FRANCISCO,SUTTER PACIFIC MEDICAL FOUNDATION,05D2030691,CA,"45 CASTRO STREET,STE 125",7075237220,94114,37.768847,-122.4354438,3
LOS ALTOS,LOS ALTOS SURGERY CENTER,05D2032154,CA,795 ALTOS OAKS DR,6502095894,94024,37.3595094,-122.0927987,3
EMERYVILLE,EPIC CARE,05D2037652,CA,1480 64TH ST STE 100,9254180259,94608,37.8445148,-122.292724,4
SAN FRANCISCO,ONE MEDICAL GROUP,05D2039179,CA,595 CASTRO ST,4155294099,94114,37.7594896,-122.4345811,3.5
REDWOOD CITY,"DIGNITY HEALTH MEDICAL GROUP-SEQUOIA,",05D2039317,CA,"2900 WHIPPLE AVENUE, SUITE 140",6502612366,94062,37.4793569,-122.2562606,3.5
MOUNTAIN VIEW,EL CAMINO HOSPITAL LABORATORY AT SENIOR HEALTH,05D2039860,CA,"2660 GRANT RD, STE E",6509624361,94040,37.3665226,-122.0784874,3
SAN FRANCISCO,GOLDEN GATE URGENT CARE,05D2040221,CA,2395 LOMBARD ST,4157962242,94123,37.7990429,-122.440741,3
SAN FRANCISCO,JAIL HEALTH SERVICES,05D2041324,CA,650 5TH ST STE 309,4159951700,94107,37.775591,-122.3980118,3
SAN JOSE,INDIAN HEALTH CENTER OF SANTA CLARA VALLEY,05D2042379,CA,455 O'CONNOR DR STE 200,4084453400,95128,37.326606,-121.9402893,2
SANTA ROSA,SUTTER PACIFIC MEDICAL FOUNDATION,05D2044827,CA,3883 AIRWAY DR STE 203,7075237220,95403,38.4832435,-122.7396754,3
SOUTH SAN FRANCISCO,SOUTH SAN FRANCISCO AT HOME,05D2045185,CA,74 CAMARITAS AVE,6505898562,94080,37.6549644,-122.4367009,3
PIEDMONT,PIEDMONT PRIMARY CARE,05D2048299,CA,1345 GRAND AVE STE 103,5104284900,94610,37.8211616,-122.2442792,3
SAN FRANCISCO,ONE MEDICAL GROUP,05D2048679,CA,3885 24TH ST.,4155294522,94114,37.7514424,-122.4292724,3.5
OAKLAND,PIEDMONT PRIMARY CARE,05D2049379,CA,4333 PIEDMONT AVENUE,5105947400,94611,37.8296405,-122.2484552,3
SAN FRANCISCO,SUTTER PACIFIC MEDICAL FOUNDATION,05D2049507,CA,3838 CALIFORNIA ST STE 510,7075237220,94118,37.786182,-122.4574719,3.5
SAN FRANCISCO,SUTTER PACIFIC MEDICAL FOUNDATION,05D2050187,CA,909 HYDE ST STE 303,4156004264,94109,37.7893477,-122.4175451,3
SAN FRANCISCO,POSITIVE HEALTH PRACTICE,05D2050237,CA,350 PARNASSUS AVE STE 908,4155148447,94143,37.7642347,-122.4562335,4
REDWOOD CITY,"ACCESS HEALTH CALIFORNIA, A MEDICAL CORPORATION",05D2052273,CA,570 EL CAMINO REAL STE 120,6502573375,94063,37.4888432,-122.2387556,3.5
SAN FRANCISCO,ONE MEDICAL GROUP,05D2053138,CA,"501 2ND STREET, STE. 415",4155294567,94107,37.7832263,-122.3927897,2.5
SAN FRANCISCO,ONE MEDICAL GROUP,05D2053218,CA,"4 EMBARCADERO CENTER, LOBBY LEVEL",4155294566,94111,37.7953898,-122.3961067,2.5
MOUNTAIN VIEW,PALO ALTO MEDICAL FOUNDATION,05D2054792,CA,"701 E. EL CAMINO REAL, 1NW",6504048440,94040,37.376491,-122.065191,3
LOS GATOS,PALO ALTO MEDICAL FOUNDATION - LOS GATOS,05D2056599,CA,15400 LOS GATOS BLVD.,6506143279,95032,37.2455869,-121.9571762,3.5
SAN JOSE,PALLIATIVE CARE CENTER-SILICON VALLEY,05D2057812,CA,"455 O'CONNOR DRIVE, STE. 300",4082777777,95128,37.326606,-121.9402893,2
SAN FRANCISCO,WALGREENS # 03849,05D2059448,CA,745 CLEMENT ST,4156685250,94118,37.782535,-122.4673787,3
SAN JOSE,WALGREENS # 03754,05D2059451,CA,1399 W SAN CARLOS ST,4089713098,95126,37.3238481,-121.9134428,4.5
SAN FRANCISCO,WALGREENS # 3711,05D2059473,CA,1189 POTRERO AVE.,4156471397,94110,37.7533313,-122.4061099,3
SANTA CLARA,WALGREENS # 2740,05D2059476,CA,3460 EL CAMINO REAL,4082611047,95051,37.3518528,-121.9920746,5
SAN RAFAEL,MARIN MEDICAL PHARMACY,05D2059483,CA,"750 LAS GALLINAS AVE., # 104",4154791930,94903,38.007131,-122.5463336,3.5
MOUNTAIN VIEW,EL CAMINO LABORATORY AT EMPLOYEE WELLNESS,05D2059710,CA,2500 GRANT RD GC30,6509407021,94040,37.3691242,-122.0798702,3
HAYWARD,WALGREENS # 02306,05D2060010,CA,1138 W. TENNYSON RD.,5102939031,94544,37.6303534,-122.0764822,2.5
SAN FRANCISCO,WALGREENS # 01126,05D2060020,CA,1979 MISSION ST.,4155588749,94103,37.7656304,-122.4195169,3
SAN FRANCISCO,WALGREENS # 00896,05D2060027,CA,3601 CALIFORNIA ST.,4156685202,94118,37.7861899,-122.4535797,3.5
SAN FRANCISCO,WALGREENS # 02152,05D2060711,CA,1899 FILLMORE ST.,4157714603,94115,37.7868145,-122.4336926,3
SAN FRANCISCO,WALGREENS # 02153,05D2060714,CA,790 VAN NESS AVE.,4152926155,94102,37.7827522,-122.4204903,3
SAN FRANCISCO,WALGREENS # 01403,05D2060721,CA,3201 DIVISADERO ST.,4159316417,94123,37.7992069,-122.4429639,3
SAN FRANCISCO,WALGREENS # 00887,05D2060731,CA,1524 POLK ST.,4156734701,94109,37.7910146,-122.4204903,3
SAN FRANCISCO,WALGREENS # 00893,05D2060732,CA,1344 STOCKTON ST.,4159816274,94133,37.7982998,-122.4084773,3
SAN FRANCISCO,WALGREENS # 01283,05D2060733,CA,500 GEARY ST.,4156738413,94102,37.7871976,-122.4118048,3
SAN FRANCISCO,WALGREENS # 01297,05D2060735,CA,670 4TH ST,4158560543,94107,37.7771087,-122.3952409,3
SAN RAFAEL,EYE INSTITUTE OF MARIN,05D2061287,CA,4000 CIVIC CENTER DR STE 200A,4154440300,94903,38.0044896,-122.5382765,2.5
SAN FRANCISCO,WALGREENS # 02521,05D2061617,CA,"300 MONTGOMERY ST., # STLV",4157882984,94104,37.7924029,-122.4024972,3
CAMPBELL,WALGREENS # 02957,05D2061619,CA,1660 WINCHESTER BLVD.,4083787916,95008,37.2930638,-121.9492219,2
SAN FRANCISCO,WALGREENS # 03185,05D2061623,CA,825 MARKET ST.,4155439502,94103,37.7850683,-122.4063701,3
SAN FRANCISCO,WALGREENS # 03358,05D2061624,CA,1301 FRANKLIN ST.,4157756706,94109,37.7865637,-122.4235873,3
SAN FRANCISCO,WALGREENS # 03624,05D2061626,CA,275 SACRAMENTO ST,4153625227,94111,37.7941618,-122.3986313,3
SAN FRANCISCO,WALGREENS # 04492,05D2061629,CA,33 DRUMM ST.,4159896116,94111,37.7941575,-122.3969497,3
SAN FRANCISCO,WALGREENS # 04558,05D2061633,CA,300 GOUGH ST,4155810600,94102,37.7761654,-122.4227029,3
SAN FRANCISCO,WALGREENS # 04609,05D2061635,CA,1301 MARKET ST.,4158614010,94103,37.7771352,-122.4164107,3
SANTA CLARA,SAN JOSE EYE INSTITUTE,05D2061818,CA,100 N WINCHESTER BLVD STE 350,4082794664,95050,37.3287033,-121.9513105,2
SOUTH SAN FRANCISCO,WALGREENS # 03346,05D2062015,CA,399 EL CAMINO REAL,6505838685,94080,37.6452852,-122.4278788,3
OAKLAND,WALGREEN # 13595,05D2062253,CA,1333 BROADWAY,5108321594,94612,37.8041472,-122.2718134,3
OAKLAND,WALGREENS # 10526,05D2062266,CA,"3250 LAKESHORE AVE., # B",5102710843,94610,37.8097414,-122.2442512,2.5
SAN FRANCISCO,WALGREENS # 15127,05D2062290,CA,"1175 COLUMBUS AVE.,",4153451079,94133,37.8047283,-122.4170392,3
SAN FRANCISCO,WALGREENS # 13669,05D2062294,CA,776 MARKET ST.,4153970837,94102,37.7864349,-122.4055426,3
WALNUT CREEK,CHILDRENS WALNUT CREEK OUTPATIENT SURGERY,05D2062405,CA,2401 SHADELANDS DR,5104283885,94598,37.925531,-122.0267403,4.5
SAN FRANCISCO,WALGREENS # 07043,05D2062607,CA,459 POWELL ST,4159840793,94102,37.7890069,-122.4087534,3
SAN FRANCISCO,WALGREENS # 07044,05D2062608,CA,88 SPEAR ST.,4158560733,94105,37.7925449,-122.394355,3
SAN FRANCISCO,WALGREENS # 06625,05D2062609,CA,2141 CHESTNUT ST.,4155679320,94123,37.8003025,-122.4384613,3
SAN FRANCISCO,WALGREENS # 10044,05D2062613,CA,"45 CASTRO ST., STE 124",4155650991,94114,37.768847,-122.4354438,3
SAN FRANCISCO,WALGREENS # 03707,05D2063747,CA,"2100 WEBSTER ST., # 105",4154415742,94115,37.790622,-122.4321701,3
VALLEJO,WALGREENS # 3171,05D2063748,CA,1050 REDWOOD ST.,7075576948,94590,38.1231659,-122.2501665,2.5
OAKLAND,WALGREENS # 03170,05D2063750,CA,3400 TELEGRAPH AVE.,5105970458,94609,37.8227531,-122.2656546,3
SAN FRANCISCO,WALGREENS # 04275,05D2064209,CA,456 MISSION ST.,4153489600,94105,37.7900109,-122.3976043,3
OAKLAND,WALGREENS # 1537,05D2064213,CA,3232 FOOTHILL BLVD,5102614552,94601,37.784157,-122.222268,2.5
SANTA ROSA,SUTTER PACIFIC MEDICAL FOUNDATION,05D2064799,CA,3883 AIRWAY DR STE 220,7075217750,95403,38.4832435,-122.7396754,3
MOUNTAIN VIEW,VALLEY MEDICAL CONSULTANTS INC,05D2065021,CA,2490 HOSPITAL DR STE 104,6509624410,94040,37.3697973,-122.0823749,3
FAIRFIELD,PACIFIC PAIN INSTITUTE,05D2065207,CA,1125 MISSION ST STE 205,5102782700,94533,37.7784819,-122.41126,3
SAN RAFAEL,BAY AREA PAIN & WELLNESS CENTER,05D2065663,CA,1050 NORTHGATE DRIVE STE 460,4154617246,94903,38.0080529,-122.5440147,2.5
OAKLAND,KAISER FOUNDATION HOSPITAL LABORATORY,05D2065697,CA,3600 BROADWAY,5107526083,94611,37.8234923,-122.2581218,3
SAN FRANCISCO,ONE MEDICAL GROUP,05D2068061,CA,98 GOUGH STREET,4152305489,94102,37.7739782,-122.4221718,3
BERKELEY,ONE MEDICAL GROUP,05D2068129,CA,1801 SHATTUCK AVE  STE A,5102251025,94709,37.874601,-122.2683574,3
MOUNTAIN VIEW,MOUNTAIN VIEW ENDOSCOPY CENTER,05D2077736,CA,2490 HOSPITAL DR STE 211,6509887488,94040,37.3697973,-122.0823749,3
SAN FRANCISCO,SUTTER PACIFIC MEDICAL FOUNDATION,05D2078490,CA,3838 CALIFORNIA ST 8TH FL,7075237220,94118,37.786182,-122.4574719,3.5
SAN FRANCISCO,ONE MEDICAL GROUP,05D2078494,CA,840 IRVING ST,4155906140,94122,37.7641941,-122.4672878,4
SAN FRANCISCO,UCSF MEDICAL CENTER-MOUNT ZION RADIOLOGY,05D2080741,CA,"2330 POST ST, STE 159",4155148447,94115,37.7844665,-122.4404425,3
SAN FRANCISCO,INTEGRATED PAIN CARE,05D2082415,CA,2299 POST ST STE 211,4154405400,94115,37.784117,-122.4392111,3.5
SAN JOSE,VALLEY MEDICAL ONCOLOGY CONSULTANTS,05D2082916,CA,2101 FOREST AVE STE 124,9257348130,95128,37.3277715,-121.9370427,2
MOUNTAIN VIEW,EL CAMINO HOSPITAL LABORATORY AT,05D2084402,CA,2660 GRANT RD STE E,6509624370,94040,37.3665226,-122.0784874,3
SAN FRANCISCO,UCSF STUDENT HEALTH AND COUNSELING SERVICES,05D2084925,CA,500 PARNASSUS  MU LEVEL P8 ROOM 5,4154768745,94143,37.7638262,-122.4584614,3
WALNUT CREEK,WALNUT CREEK WEST DIALYSIS,05D2085279,CA,1221 ROSSMOOR PKWY,9252959830,94595,37.8785045,-122.0710943,3
SAN FRANCISCO,ONE MEDICAL GROUP,05D2086009,CA,220 MONTGOMERY STE 1212,4153928200,94104,37.7912944,-122.401906,2.5
SAN FRANCISCO,UCSF CLINICAL LABS AT MISSION BAY,05D2086535,CA,"1975 4TH ST, 3RD FL, RM C3636",4155029768,94158,37.7648549,-122.3902697,2.5
PALO ALTO,STANFORD ADVANCED MEDICINE CENTER,05D2086676,CA,875 BLAKE WILBUR DR,6507236122,94304,37.4357319,-122.1762866,3
SAN FRANCISCO,UCSF MEDICAL CENTER AT MISSION BAY,05D2086678,CA,1824 4TH ST RM M2369,4153531613,94158,37.7667706,-122.3908298,2.5
SAN FRANCISCO,CITY SURGICAL CENTER,05D2087577,CA,2299 POST ST STE 108,4159233770,94115,37.784117,-122.4392111,3.5
SAN FRANCISCO,GOLDEN GATE URGENT CARE,05D2090841,CA,1600 MARKET ST,4157962242,94102,37.7740681,-122.4210478,3
REDWOOD CITY,ONE MEDICAL GROUP,05D2093514,CA,900 VETERANS BLVD STE 150,6502988774,94063,37.4898881,-122.2280739,3
SAN FRANCISCO,SUTTER PACIFIC MEDICAL FOUNDATION,05D2093533,CA,45 CASTRO ST STE 402,7075237220,94114,37.768847,-122.4354438,3
SAN FRANCISCO,ONE MEDICAL GROUP,05D2093651,CA,3490 CALIFORNIA ST STE 203,4155931134,94118,37.7868413,-122.4515705,3.5
OAKLAND,REACH AIR MEDICAL SERVICES,05D2094652,CA,665 53RD STREET,7078923104,94609,37.8381584,-122.2660534,3
SAN FRANCISCO,GOLDEN GATE DIALYSIS,05D2095346,CA,2700 GEARY BLVD STE A,4153451869,94118,37.782709,-122.4484489,3
LOS GATOS,PALO ALTO MEDICAL FOUNDATION,05D2096854,CA,15400 LOS GATOS BLVD,4087306132,95032,37.2455869,-121.9571762,3.5
HERCULES,CALIFORNIA DERMATOLOGY CARE,05D2097959,CA,500 ALFRED NOBEL DR STE 185,5106695700,94547,38.0178231,-122.2737556,3.5
LOS ALTOS,SURGERY CENTER LOS ALTOS,05D2099401,CA,715 ALTOS OAKS,6504048455,94024,37.3595225,-122.0952394,3
SAN JOSE,INDIAN HEALTH CENTER OF SANTA CLARA VALLEY,05D2100033,CA,2030 FOREST AVE STE 110,4084453400,95128,37.3266966,-121.9341117,2
SAN JOSE,INDIAN HEALTH CENTER OF SANTA CLARA VALLEY,05D2100039,CA,2039 FOREST AVE STE 105,4084453400,95128,37.3273887,-121.9343837,2
MOUNTAIN VIEW,SILICON VALLEY INTERVENTIONAL SURGERY CENTER,05D2100465,CA,1174 CASTRO ST STE 201,6506919435,94040,37.3823855,-122.0866294,3
MOUNTAIN VIEW,EL CAMINO WOMEN'S MEDICAL GROUP,05D2100482,CA,2500 HOSPITAL DR BLDG 8A,6509888300,94040,37.3682691,-122.0824676,3
SAN FRANCISCO,ONE MEDICAL GROUP,05D2102470,CA,580 VALENCIA ST,4155931136,94110,37.7636708,-122.4220812,3
SAN RAFAEL,ONE MEDICAL GROUP,05D2105304,CA,1004 NORTHGATE DR,4155783114,94903,38.0082421,-122.5447207,2.5
OAKLAND,ONE MEDICAL GROUP,05D2105306,CA,3850 GRAND AVE,5102251019,94610,37.818126,-122.2446057,3
SAN JOSE,ONE MEDICAL GROUP,05D2105330,CA,746 THE ALAMEDA,4082281020,95126,37.3313794,-121.9045073,4.5
WALNUT CREEK,WOUND CARE CENTER,05D2105796,CA,240 LA CASA VIA STE 200,9259456644,94598,37.9092719,-122.0379748,5
SANTA ROSA,SUTTER PACIFIC MEDICAL FOUNDATION - URGENT CARE,05D2107744,CA,3883 AIRWAY DR STE 120,7075237220,95403,38.4832435,-122.7396754,3
SAN FRANCISCO,UCSF HEALTH-,05D2107946,CA,1975 4TH ST RM C4C60,4155148447,94158,37.7648523,-122.3901585,2.5
SAN RAMON,JOHN MUIR MEDICAL GROUP,05D2111095,CA,5601 NORRIS CYN STE 200,9252773070,94583,37.7778358,-121.9577264,3
SAN RAMON,JOHN MUIR MEDICAL GROUP,05D2111901,CA,2305 CAMINO RAMON STE 130,9255430290,94583,37.7755312,-121.9646411,3
SAN FRANCISCO,SUTTER PACIFIC MEDICAL FOUNDATION,05D2111976,CA,45 CASTRO ST STE 432,7075237220,94114,37.768847,-122.4354438,3
RICHMOND,"CA DEPT OF PUBLIC HEALTH, DRINKING WATER &",05D2112676,CA,"850 MARINA BAY PKWY, RM G-164",5106202911,94804,37.9197374,-122.3458095,3
SAN FRANCISCO,KENTFIELD HOSPITAL SAN FRANCISCO,05D2112780,CA,"450 STANYAN STREET, FL 6, ROOM 99",4156683200,94117,37.7740749,-122.4538893,1.5
SAN FRANCISCO,WHOLE FAMILY MD,05D2112937,CA,1286 SANCHEZ ST,4156420333,94114,37.7485918,-122.4295821,3.5
REDWOOD CITY,DIGNITY HEALTH MEDICAL GROUP SEQUOIA,05D2113846,CA,2950 WHIPPLE AVE STE 3,6508172117,94062,37.4784326,-122.2552414,3.5
SAN FRANCISCO,ONE MEDICAL GROUP,05D2114330,CA,535 MISSION ST STE 100,4155906275,94105,37.7888907,-122.3981003,2.5
WALNUT CREEK,JOHN MUIR MEDICAL GROUP LABORATORY,05D2115346,CA,"1450 TREAT BLVD, STE 160",9259412658,94597,37.9260898,-122.0522716,5
MOUNTAIN VIEW,DIRECT URGENT CARE,05D2115423,CA,1150 W EL CAMINO REAL,6506955008,94040,37.3880548,-122.0877361,3
SAN FRANCISCO,DIRECT URGENT CARE,05D2115472,CA,1998 MARKET,8007564206,94102,37.7699654,-122.4262419,3
SAN FRANCISCO,GOLDEN GATE URGENT CARE,05D2115725,CA,1085 VALENCIA ST,4157962242,94110,37.7556438,-122.4207557,3
SAN FRANCISCO,SUTTER PACIFIC MEDICAL FOUNDATION,05D2115735,CA,2300 CALIFORNIA ST STE 202,7075237220,94115,37.7894729,-122.4324576,3
SAN RAMON,JOHN MUIR MEDICAL GROUP,05D2116011,CA,5601 NORRIS CANYON RD STE 340,9258668080,94583,37.7780059,-121.9579264,3
ANTIOCH,SUTTER DELTAS ADVANCED WOUND CARE CENTER,05D2117960,CA,3903 LONE TREE WAY,9257792900,94509,37.9819739,-121.8036011,2
VACAVILLE,NORTHBAY HEALTHCARE WELLNESS CENTER,05D2118222,CA,1020 NUT TREE RD,7076465072,95687,38.3538551,-121.9517993,3
SAN FRANCISCO,DIGNITY HEALTH MEDICAL FOUNDATION,05D2121133,CA,1801 DIRISADERO ST,4159657944,94115,37.7862783,-122.4404204,3
SAN FRANCISCO,DIGNITY HEALTH MEDICAL FOUNDATION,05D2121514,CA,"170 COLUMBUS AVE, STE 110",4159658050,94133,37.7969797,-122.4050778,3
SAN FRANCISCO,SUTTER PACIFIC MEDICAL FOUNDATION,05D2122035,CA,55 2ND ST,7075237220,94105,37.7888063,-122.4003129,3
SANTA ROSA,SUTTER PACIFIC MEDICAL FOUNDATION,05D2123855,CA,3883 AIRWAY DR STE 201,7075237220,95403,38.4832435,-122.7396754,3
LOS GATOS,BAY AREA MATERNITY & WOMENS HEALTH,05D2123936,CA,777 KNOWLES DR STE 11,4088838233,95032,37.2621746,-121.9685511,3.5
REDWOOD CITY,DIGNITY HEALTH MEDICAL FOUNDATION,05D2125648,CA,"830 JEFFERSON AVE, STE M",6503810616,94063,37.4859393,-122.2282922,3
PALO ALTO,VA PALO ALTO HEALTH CARE SYSTEM,05D2125891,CA,3801 MIRANDA AVE  (132),6508523408,94304,37.4034242,-122.1420913,3.5
SAN FRANCISCO,SUTTER PACIFIC MEDICAL FOUNDATION,05D2126236,CA,2015 STEINER ST,7075237220,94115,37.7878956,-122.4357092,3
EMERYVILLE,ONE MEDICAL GROUP,05D2126319,CA,1333 POWELL ST STE 103,5102251000,94608,37.8396024,-122.2877903,4
MOUNTAIN VIEW,NATURAL START MEDICINE,05D2128949,CA,1057 EL MONTE AVE STE B,6503967117,94040,37.3894416,-122.0955206,3
SANTA ROSA,SUTTER PACIFIC MEDICAL FOUNDATION,05D2129032,CA,"34 MARK WEST SPRINGS RD, 3RD FL",7075237220,95403,38.4950701,-122.7496323,3
PETALUMA,SUTTER WALK IN CARE,05D2130818,CA,"411 N MCDOWELL BLVD, UNIT 41, STE 10",7073082831,94954,38.2534665,-122.6349317,3
FREMONT,UCSF PEDIATRIC SPECIALTIES AT FREMONT,05D2131689,CA,1900 MOWRY AVE STE 1,4155148447,94538,37.5583666,-121.9795251,2
SAN FRANCISCO,DIGNITY HEALTH MEDICAL FOUNDATION,05D2132093,CA,1199 BUSH ST STE 650,9163792861,94109,37.7889333,-122.4167294,3
SAN FRANCISCO,ONE MEDICAL GROUP,05D2135721,CA,1823 UNION ST,4155906148,94123,37.7977177,-122.4292828,3
SAN FRANCISCO,CIRCLE MEDICAL CARE OF CALIFORNIA,05D2136155,CA,431 JESSIE ST,4158400560,94103,37.7872383,-122.3940289,2.5
SAN FRANCISCO,ACTION URGENT CARE,05D2136426,CA,735 7TH AVE,6692686425,94118,37.7745526,-122.4653886,3.5
SAN FRANCISCO,SUTTER PACIFIC MEDICAL FOUNDATION,05D2137885,CA,3838 CALIFORNIA ST STE 404,7075237220,94118,37.786182,-122.4574719,3.5
SAN JOSE,CENTRAL VALLEY CLINIC,05D2140852,CA,2425 ENBORG LANE,4082726072,95128,37.3114077,-121.936942,2.5
VACAVILLE,NORTHBAY HEALTHCARE,05D2146633,CA,"1010 NUT TREE, SUITE 100B",7076464156,95687,38.3545317,-121.952377,3
NOVATO,MEDICAL CENTER OF MARIN,05D2147152,CA,7428 REDWOOD BLVD STE 100,4159244525,94945,38.1102481,-122.5685711,3.5
CAMPBELL,STANFORD BLOOD CENTER - SOUTH BAY,05D2148144,CA,295 E HAMILTON AVE,6507249916,95008,37.2946444,-121.945089,2
SAN FRANCISCO,ONE MEDICAL GROUP,05D2148181,CA,345 SPEAR ST,4156586791,94105,37.7899545,-122.389913,2.5
BERKELEY,BERKELEY OUTPATIENT CENTER,05D2148258,CA,3100 SAN PABLO AVE,9259415364,94702,37.8502332,-122.287541,5
SAN FRANCISCO,ONE MEDICAL GROUP,05D2153550,CA,121 SPEAR STREET,4155931096,94105,37.7918989,-122.3928335,2.5
SAN FRANCISCO,ONE MEDICAL GROUP,05D2153672,CA,2177 MARKET STREET,4155933080,94104,37.7663709,-122.4302944,3.5